id,value
PLANTAE,2.132
PLANTAE.TRACHEOPHYTA,2.138
PLANTAE.TRACHEOPHYTA.EQUISETOPSIDA,3.0
PLANTAE.TRACHEOPHYTA.EQUISETOPSIDA.EQUISETALES,3.0
PLANTAE.TRACHEOPHYTA.EQUISETOPSIDA.EQUISETALES.EQUISETACEAE,3.0
PLANTAE.TRACHEOPHYTA.EQUISETOPSIDA.EQUISETALES.EQUISETACEAE.Equisetum,3.0
PLANTAE.TRACHEOPHYTA.ISOETOPSIDA,1.222
PLANTAE.TRACHEOPHYTA.ISOETOPSIDA.ISOETALES,1.222
PLANTAE.TRACHEOPHYTA.ISOETOPSIDA.ISOETALES.ISOËTACEAE,1.278
PLANTAE.TRACHEOPHYTA.ISOETOPSIDA.ISOETALES.ISOËTACEAE.Isoëtes,1.278
PLANTAE.TRACHEOPHYTA.ISOETOPSIDA.ISOETALES.ISOETACEAE,1.111
PLANTAE.TRACHEOPHYTA.ISOETOPSIDA.ISOETALES.ISOETACEAE.Isoetes,1.111
PLANTAE.TRACHEOPHYTA.LYCOPODIOPSIDA,2.667
PLANTAE.TRACHEOPHYTA.LYCOPODIOPSIDA.LYCOPODIALES,2.588
PLANTAE.TRACHEOPHYTA.LYCOPODIOPSIDA.LYCOPODIALES.LYCOPODIACEAE,2.588
PLANTAE.TRACHEOPHYTA.LYCOPODIOPSIDA.LYCOPODIALES.LYCOPODIACEAE.Huperzia,2.75
PLANTAE.TRACHEOPHYTA.LYCOPODIOPSIDA.LYCOPODIALES.LYCOPODIACEAE.Lycopodiella,3.0
PLANTAE.TRACHEOPHYTA.LYCOPODIOPSIDA.LYCOPODIALES.LYCOPODIACEAE.Lycopodium,2.455
PLANTAE.TRACHEOPHYTA.LYCOPODIOPSIDA.SELAGINELLALES,3.0
PLANTAE.TRACHEOPHYTA.LYCOPODIOPSIDA.SELAGINELLALES.SELAGINELLACEAE,3.0
PLANTAE.TRACHEOPHYTA.LYCOPODIOPSIDA.SELAGINELLALES.SELAGINELLACEAE.Selaginella,3.0
PLANTAE.TRACHEOPHYTA.POLYPODIOPSIDA,2.353
PLANTAE.TRACHEOPHYTA.POLYPODIOPSIDA.CYATHEALES,2.0
PLANTAE.TRACHEOPHYTA.POLYPODIOPSIDA.CYATHEALES.CYATHEACEAE,2.0
PLANTAE.TRACHEOPHYTA.POLYPODIOPSIDA.CYATHEALES.CYATHEACEAE.Culcita,2.0
PLANTAE.TRACHEOPHYTA.POLYPODIOPSIDA.HYMENOPHYLLALES,2.2
PLANTAE.TRACHEOPHYTA.POLYPODIOPSIDA.HYMENOPHYLLALES.HYMENOPHYLLACEAE,2.2
PLANTAE.TRACHEOPHYTA.POLYPODIOPSIDA.HYMENOPHYLLALES.HYMENOPHYLLACEAE.Hymenophyllum,1.667
PLANTAE.TRACHEOPHYTA.POLYPODIOPSIDA.HYMENOPHYLLALES.HYMENOPHYLLACEAE.Trichomanes,3.0
PLANTAE.TRACHEOPHYTA.POLYPODIOPSIDA.OSMUNDALES,3.0
PLANTAE.TRACHEOPHYTA.POLYPODIOPSIDA.OSMUNDALES.OSMUNDACEAE,3.0
PLANTAE.TRACHEOPHYTA.POLYPODIOPSIDA.OSMUNDALES.OSMUNDACEAE.Osmunda,3.0
PLANTAE.TRACHEOPHYTA.POLYPODIOPSIDA.POLYPODIALES,2.496
PLANTAE.TRACHEOPHYTA.POLYPODIOPSIDA.POLYPODIALES.ASPLENIACEAE,2.426
PLANTAE.TRACHEOPHYTA.POLYPODIOPSIDA.POLYPODIALES.ASPLENIACEAE.Asplenium,2.231
PLANTAE.TRACHEOPHYTA.POLYPODIOPSIDA.POLYPODIALES.ASPLENIACEAE.Athyrium,3.0
PLANTAE.TRACHEOPHYTA.POLYPODIOPSIDA.POLYPODIALES.ASPLENIACEAE.Blechnum,3.0
PLANTAE.TRACHEOPHYTA.POLYPODIOPSIDA.POLYPODIALES.ASPLENIACEAE.Cystopteris,2.667
PLANTAE.TRACHEOPHYTA.POLYPODIOPSIDA.POLYPODIALES.ASPLENIACEAE.Diplazium,2.667
PLANTAE.TRACHEOPHYTA.POLYPODIOPSIDA.POLYPODIALES.ASPLENIACEAE.Gymnocarpium,3.0
PLANTAE.TRACHEOPHYTA.POLYPODIOPSIDA.POLYPODIALES.ASPLENIACEAE.Onoclea,3.0
PLANTAE.TRACHEOPHYTA.POLYPODIOPSIDA.POLYPODIALES.ASPLENIACEAE.Phegopteris,3.0
PLANTAE.TRACHEOPHYTA.POLYPODIOPSIDA.POLYPODIALES.ASPLENIACEAE.Thelypteris,3.0
PLANTAE.TRACHEOPHYTA.POLYPODIOPSIDA.POLYPODIALES.ASPLENIACEAE.Woodsia,2.75
PLANTAE.TRACHEOPHYTA.POLYPODIOPSIDA.POLYPODIALES.ASPLENIACEAE.Woodwardia,1.5
PLANTAE.TRACHEOPHYTA.POLYPODIOPSIDA.POLYPODIALES.DENNSTAEDTIACEAE,3.0
PLANTAE.TRACHEOPHYTA.POLYPODIOPSIDA.POLYPODIALES.DENNSTAEDTIACEAE.Pteridium,3.0
PLANTAE.TRACHEOPHYTA.POLYPODIOPSIDA.POLYPODIALES.POLYPODIACEAE,2.462
PLANTAE.TRACHEOPHYTA.POLYPODIOPSIDA.POLYPODIALES.POLYPODIACEAE.Arachniodes,1.0
PLANTAE.TRACHEOPHYTA.POLYPODIOPSIDA.POLYPODIALES.POLYPODIACEAE.Davallia,3.0
PLANTAE.TRACHEOPHYTA.POLYPODIOPSIDA.POLYPODIALES.POLYPODIACEAE.Dryopteris,2.846
PLANTAE.TRACHEOPHYTA.POLYPODIOPSIDA.POLYPODIALES.POLYPODIACEAE.Elaphoglossum,0.0
PLANTAE.TRACHEOPHYTA.POLYPODIOPSIDA.POLYPODIALES.POLYPODIACEAE.Grammitis,-1.0
PLANTAE.TRACHEOPHYTA.POLYPODIOPSIDA.POLYPODIALES.POLYPODIACEAE.Polypodium,3.0
PLANTAE.TRACHEOPHYTA.POLYPODIOPSIDA.POLYPODIALES.POLYPODIACEAE.Polystichum,1.714
PLANTAE.TRACHEOPHYTA.POLYPODIOPSIDA.POLYPODIALES.PTERIDACEAE,2.737
PLANTAE.TRACHEOPHYTA.POLYPODIOPSIDA.POLYPODIALES.PTERIDACEAE.Adiantum,3.0
PLANTAE.TRACHEOPHYTA.POLYPODIOPSIDA.POLYPODIALES.PTERIDACEAE.Allosorus,3.0
PLANTAE.TRACHEOPHYTA.POLYPODIOPSIDA.POLYPODIALES.PTERIDACEAE.Anogramma,3.0
PLANTAE.TRACHEOPHYTA.POLYPODIOPSIDA.POLYPODIALES.PTERIDACEAE.Cosentinia,3.0
PLANTAE.TRACHEOPHYTA.POLYPODIOPSIDA.POLYPODIALES.PTERIDACEAE.Cryptogramma,3.0
PLANTAE.TRACHEOPHYTA.POLYPODIOPSIDA.POLYPODIALES.PTERIDACEAE.Paragymnopteris,2.0
PLANTAE.TRACHEOPHYTA.POLYPODIOPSIDA.POLYPODIALES.PTERIDACEAE.Pellaea,0.0
PLANTAE.TRACHEOPHYTA.POLYPODIOPSIDA.POLYPODIALES.PTERIDACEAE.Pteris,2.667
PLANTAE.TRACHEOPHYTA.POLYPODIOPSIDA.POLYPODIALES.ONOCLEACEAE,3.0
PLANTAE.TRACHEOPHYTA.POLYPODIOPSIDA.POLYPODIALES.ONOCLEACEAE.Onoclea,3.0
PLANTAE.TRACHEOPHYTA.POLYPODIOPSIDA.SALVINIALES,1.5
PLANTAE.TRACHEOPHYTA.POLYPODIOPSIDA.SALVINIALES.MARSILEACEAE,1.083
PLANTAE.TRACHEOPHYTA.POLYPODIOPSIDA.SALVINIALES.MARSILEACEAE.Marsilea,1.0
PLANTAE.TRACHEOPHYTA.POLYPODIOPSIDA.SALVINIALES.MARSILEACEAE.Pilularia,1.25
PLANTAE.TRACHEOPHYTA.POLYPODIOPSIDA.SALVINIALES.SALVINIACEAE,2.5
PLANTAE.TRACHEOPHYTA.POLYPODIOPSIDA.SALVINIALES.SALVINIACEAE.Salvinia,2.5
PLANTAE.TRACHEOPHYTA.POLYPODIOPSIDA.BLECHNALES,2.125
PLANTAE.TRACHEOPHYTA.POLYPODIOPSIDA.BLECHNALES.ASPLENIACEAE,2.426
PLANTAE.TRACHEOPHYTA.POLYPODIOPSIDA.BLECHNALES.ASPLENIACEAE.Asplenium,2.231
PLANTAE.TRACHEOPHYTA.POLYPODIOPSIDA.BLECHNALES.ASPLENIACEAE.Athyrium,3.0
PLANTAE.TRACHEOPHYTA.POLYPODIOPSIDA.BLECHNALES.ASPLENIACEAE.Blechnum,3.0
PLANTAE.TRACHEOPHYTA.POLYPODIOPSIDA.BLECHNALES.ASPLENIACEAE.Cystopteris,2.667
PLANTAE.TRACHEOPHYTA.POLYPODIOPSIDA.BLECHNALES.ASPLENIACEAE.Diplazium,2.667
PLANTAE.TRACHEOPHYTA.POLYPODIOPSIDA.BLECHNALES.ASPLENIACEAE.Gymnocarpium,3.0
PLANTAE.TRACHEOPHYTA.POLYPODIOPSIDA.BLECHNALES.ASPLENIACEAE.Onoclea,3.0
PLANTAE.TRACHEOPHYTA.POLYPODIOPSIDA.BLECHNALES.ASPLENIACEAE.Phegopteris,3.0
PLANTAE.TRACHEOPHYTA.POLYPODIOPSIDA.BLECHNALES.ASPLENIACEAE.Thelypteris,3.0
PLANTAE.TRACHEOPHYTA.POLYPODIOPSIDA.BLECHNALES.ASPLENIACEAE.Woodsia,2.75
PLANTAE.TRACHEOPHYTA.POLYPODIOPSIDA.BLECHNALES.ASPLENIACEAE.Woodwardia,1.5
PLANTAE.TRACHEOPHYTA.POLYPODIOPSIDA.BLECHNALES.BLECHNACEAE,2.0
PLANTAE.TRACHEOPHYTA.POLYPODIOPSIDA.BLECHNALES.BLECHNACEAE.Woodwardia,1.5
PLANTAE.TRACHEOPHYTA.POLYPODIOPSIDA.BLECHNALES.DRYOPTERIDACEAE,1.333
PLANTAE.TRACHEOPHYTA.POLYPODIOPSIDA.BLECHNALES.DRYOPTERIDACEAE.Dryopteris,2.846
PLANTAE.TRACHEOPHYTA.POLYPODIOPSIDA.BLECHNALES.DRYOPTERIDACEAE.Polystichum,1.714
PLANTAE.TRACHEOPHYTA.POLYPODIOPSIDA.BLECHNALES.WOODSIACEAE,3.0
PLANTAE.TRACHEOPHYTA.POLYPODIOPSIDA.BLECHNALES.WOODSIACEAE.Diplazium,2.667
PLANTAE.TRACHEOPHYTA.POLYPODIOPSIDA.DICKSONIALES,2.0
PLANTAE.TRACHEOPHYTA.POLYPODIOPSIDA.DICKSONIALES.DICKSONIACEAE,2.0
PLANTAE.TRACHEOPHYTA.POLYPODIOPSIDA.DICKSONIALES.DICKSONIACEAE.Culcita,2.0
PLANTAE.TRACHEOPHYTA.POLYPODIOPSIDA.MARSILEALES,1.0
PLANTAE.TRACHEOPHYTA.POLYPODIOPSIDA.MARSILEALES.MARSILEACEAE,1.083
PLANTAE.TRACHEOPHYTA.POLYPODIOPSIDA.MARSILEALES.MARSILEACEAE.Marsilea,1.0
PLANTAE.TRACHEOPHYTA.POLYPODIOPSIDA.MARSILEALES.MARSILEACEAE.Pilularia,1.25
PLANTAE.TRACHEOPHYTA.PSILOTOPSIDA,2.0
PLANTAE.TRACHEOPHYTA.PSILOTOPSIDA.OPHIOGLOSSALES,2.231
PLANTAE.TRACHEOPHYTA.PSILOTOPSIDA.OPHIOGLOSSALES.OPHIOGLOSSACEAE,2.231
PLANTAE.TRACHEOPHYTA.PSILOTOPSIDA.OPHIOGLOSSALES.OPHIOGLOSSACEAE.Botrychium,2.0
PLANTAE.TRACHEOPHYTA.PSILOTOPSIDA.OPHIOGLOSSALES.OPHIOGLOSSACEAE.Ophioglossum,3.0
PLANTAE.TRACHEOPHYTA.PSILOTOPSIDA.PSILOTALES,-1.0
PLANTAE.TRACHEOPHYTA.PSILOTOPSIDA.PSILOTALES.PSILOTACEAE,-1.0
PLANTAE.TRACHEOPHYTA.PSILOTOPSIDA.PSILOTALES.PSILOTACEAE.Psilotum,-1.0
PLANTAE.TRACHEOPHYTA.GNETOPSIDA,3.0
PLANTAE.TRACHEOPHYTA.GNETOPSIDA.EPHEDRALES,3.0
PLANTAE.TRACHEOPHYTA.GNETOPSIDA.EPHEDRALES.EPHEDRACEAE,3.0
PLANTAE.TRACHEOPHYTA.GNETOPSIDA.EPHEDRALES.EPHEDRACEAE.Ephedra,3.0
PLANTAE.TRACHEOPHYTA.LILIOPSIDA,2.444
PLANTAE.TRACHEOPHYTA.LILIOPSIDA.LILIALES,2.197
PLANTAE.TRACHEOPHYTA.LILIOPSIDA.LILIALES.ALLIACEAE,2.648
PLANTAE.TRACHEOPHYTA.LILIOPSIDA.LILIALES.ALLIACEAE.Allium,2.648
PLANTAE.TRACHEOPHYTA.LILIOPSIDA.LILIALES.AMARYLLIDACEAE,2.227
PLANTAE.TRACHEOPHYTA.LILIOPSIDA.LILIALES.AMARYLLIDACEAE.Leucojum,3.0
PLANTAE.TRACHEOPHYTA.LILIOPSIDA.LILIALES.AMARYLLIDACEAE.Narcissus,2.5
PLANTAE.TRACHEOPHYTA.LILIOPSIDA.LILIALES.AMARYLLIDACEAE.Sternbergia,3.0
PLANTAE.TRACHEOPHYTA.LILIOPSIDA.LILIALES.AMARYLLIDACEAE.Acis,0.0
PLANTAE.TRACHEOPHYTA.LILIOPSIDA.LILIALES.AMARYLLIDACEAE.Galanthus,1.4
PLANTAE.TRACHEOPHYTA.LILIOPSIDA.LILIALES.ASPARAGACEAE,2.2
PLANTAE.TRACHEOPHYTA.LILIOPSIDA.LILIALES.ASPARAGACEAE.Asparagus,2.2
PLANTAE.TRACHEOPHYTA.LILIOPSIDA.LILIALES.COLCHICACEAE,1.714
PLANTAE.TRACHEOPHYTA.LILIOPSIDA.LILIALES.COLCHICACEAE.Colchicum,2.5
PLANTAE.TRACHEOPHYTA.LILIOPSIDA.LILIALES.COLCHICACEAE.Androcymbium,0.667
PLANTAE.TRACHEOPHYTA.LILIOPSIDA.LILIALES.CONVALLARIACEAE,3.0
PLANTAE.TRACHEOPHYTA.LILIOPSIDA.LILIALES.CONVALLARIACEAE.Convallaria,3.0
PLANTAE.TRACHEOPHYTA.LILIOPSIDA.LILIALES.CONVALLARIACEAE.Polygonatum,3.0
PLANTAE.TRACHEOPHYTA.LILIOPSIDA.LILIALES.DIOSCOREACEAE,1.0
PLANTAE.TRACHEOPHYTA.LILIOPSIDA.LILIALES.DIOSCOREACEAE.Dioscorea,3.0
PLANTAE.TRACHEOPHYTA.LILIOPSIDA.LILIALES.DIOSCOREACEAE.Borderea,-1.0
PLANTAE.TRACHEOPHYTA.LILIOPSIDA.LILIALES.HYACINTHACEAE,1.889
PLANTAE.TRACHEOPHYTA.LILIOPSIDA.LILIALES.HYACINTHACEAE.Drimia,3.0
PLANTAE.TRACHEOPHYTA.LILIOPSIDA.LILIALES.HYACINTHACEAE.Scilla,1.667
PLANTAE.TRACHEOPHYTA.LILIOPSIDA.LILIALES.HYACINTHACEAE.Bellevalia,1.5
PLANTAE.TRACHEOPHYTA.LILIOPSIDA.LILIALES.HYACINTHACEAE.Hyacinthoides,3.0
PLANTAE.TRACHEOPHYTA.LILIOPSIDA.LILIALES.HYACINTHACEAE.Leopoldia,0.0
PLANTAE.TRACHEOPHYTA.LILIOPSIDA.LILIALES.HYACINTHACEAE.Ornithogalum,3.0
PLANTAE.TRACHEOPHYTA.LILIOPSIDA.LILIALES.IRIDACEAE,1.7
PLANTAE.TRACHEOPHYTA.LILIOPSIDA.LILIALES.IRIDACEAE.Iris,1.857
PLANTAE.TRACHEOPHYTA.LILIOPSIDA.LILIALES.IRIDACEAE.Crocus,1.333
PLANTAE.TRACHEOPHYTA.LILIOPSIDA.LILIALES.LILIACEAE,1.077
PLANTAE.TRACHEOPHYTA.LILIOPSIDA.LILIALES.LILIACEAE.Lilium,2.25
PLANTAE.TRACHEOPHYTA.LILIOPSIDA.LILIALES.LILIACEAE.Fritillaria,0.429
PLANTAE.TRACHEOPHYTA.LILIOPSIDA.LILIALES.LILIACEAE.Tulipa,1.0
PLANTAE.TRACHEOPHYTA.LILIOPSIDA.LILIALES.MELANTHIACEAE,3.0
PLANTAE.TRACHEOPHYTA.LILIOPSIDA.LILIALES.MELANTHIACEAE.Veratrum,3.0
PLANTAE.TRACHEOPHYTA.LILIOPSIDA.LILIALES.RUSCACEAE,3.0
PLANTAE.TRACHEOPHYTA.LILIOPSIDA.LILIALES.RUSCACEAE.Ruscus,3.0
PLANTAE.TRACHEOPHYTA.LILIOPSIDA.LILIALES.SMILACACEAE,3.0
PLANTAE.TRACHEOPHYTA.LILIOPSIDA.LILIALES.SMILACACEAE.Smilax,3.0
PLANTAE.TRACHEOPHYTA.LILIOPSIDA.LILIALES.TRILLIACEAE,3.0
PLANTAE.TRACHEOPHYTA.LILIOPSIDA.LILIALES.TRILLIACEAE.Paris,3.0
PLANTAE.TRACHEOPHYTA.LILIOPSIDA.LILIALES.ASPHODELACEAE,1.0
PLANTAE.TRACHEOPHYTA.LILIOPSIDA.LILIALES.ASPHODELACEAE.Asphodelus,1.0
PLANTAE.TRACHEOPHYTA.LILIOPSIDA.LILIALES.DRACAENACEAE,0.0
PLANTAE.TRACHEOPHYTA.LILIOPSIDA.LILIALES.DRACAENACEAE.Dracaena,0.0
PLANTAE.TRACHEOPHYTA.LILIOPSIDA.ORCHIDALES,2.339
PLANTAE.TRACHEOPHYTA.LILIOPSIDA.ORCHIDALES.ORCHIDACEAE,2.339
PLANTAE.TRACHEOPHYTA.LILIOPSIDA.ORCHIDALES.ORCHIDACEAE.Anacamptis,2.615
PLANTAE.TRACHEOPHYTA.LILIOPSIDA.ORCHIDALES.ORCHIDACEAE.Cypripedium,2.5
PLANTAE.TRACHEOPHYTA.LILIOPSIDA.ORCHIDALES.ORCHIDACEAE.Dactylorhiza,2.579
PLANTAE.TRACHEOPHYTA.LILIOPSIDA.ORCHIDALES.ORCHIDACEAE.Epipactis,1.667
PLANTAE.TRACHEOPHYTA.LILIOPSIDA.ORCHIDALES.ORCHIDACEAE.Gymnadenia,1.818
PLANTAE.TRACHEOPHYTA.LILIOPSIDA.ORCHIDALES.ORCHIDACEAE.Himantoglossum,1.556
PLANTAE.TRACHEOPHYTA.LILIOPSIDA.ORCHIDALES.ORCHIDACEAE.Neotinea,3.0
PLANTAE.TRACHEOPHYTA.LILIOPSIDA.ORCHIDALES.ORCHIDACEAE.Ophrys,2.759
PLANTAE.TRACHEOPHYTA.LILIOPSIDA.ORCHIDALES.ORCHIDACEAE.Orchis,2.6
PLANTAE.TRACHEOPHYTA.LILIOPSIDA.ORCHIDALES.ORCHIDACEAE.Platanthera,1.75
PLANTAE.TRACHEOPHYTA.LILIOPSIDA.ORCHIDALES.ORCHIDACEAE.Serapias,2.625
PLANTAE.TRACHEOPHYTA.LILIOPSIDA.ORCHIDALES.ORCHIDACEAE.Traunsteinera,3.0
PLANTAE.TRACHEOPHYTA.LILIOPSIDA.ORCHIDALES.ORCHIDACEAE.Calypso,2.0
PLANTAE.TRACHEOPHYTA.LILIOPSIDA.ORCHIDALES.ORCHIDACEAE.Cephalanthera,2.0
PLANTAE.TRACHEOPHYTA.LILIOPSIDA.ORCHIDALES.ORCHIDACEAE.Chamorchis,3.0
PLANTAE.TRACHEOPHYTA.LILIOPSIDA.ORCHIDALES.ORCHIDACEAE.Corallorhiza,3.0
PLANTAE.TRACHEOPHYTA.LILIOPSIDA.ORCHIDALES.ORCHIDACEAE.Epipogium,3.0
PLANTAE.TRACHEOPHYTA.LILIOPSIDA.ORCHIDALES.ORCHIDACEAE.Gennaria,0.0
PLANTAE.TRACHEOPHYTA.LILIOPSIDA.ORCHIDALES.ORCHIDACEAE.Goodyera,1.0
PLANTAE.TRACHEOPHYTA.LILIOPSIDA.ORCHIDALES.ORCHIDACEAE.Habenaria,3.0
PLANTAE.TRACHEOPHYTA.LILIOPSIDA.ORCHIDALES.ORCHIDACEAE.Hammarbya,3.0
PLANTAE.TRACHEOPHYTA.LILIOPSIDA.ORCHIDALES.ORCHIDACEAE.Limodorum,2.5
PLANTAE.TRACHEOPHYTA.LILIOPSIDA.ORCHIDALES.ORCHIDACEAE.Liparis,2.667
PLANTAE.TRACHEOPHYTA.LILIOPSIDA.ORCHIDALES.ORCHIDACEAE.Malaxis,2.0
PLANTAE.TRACHEOPHYTA.LILIOPSIDA.ORCHIDALES.ORCHIDACEAE.Neottia,3.0
PLANTAE.TRACHEOPHYTA.LILIOPSIDA.ORCHIDALES.ORCHIDACEAE.Neottianthe,0.0
PLANTAE.TRACHEOPHYTA.LILIOPSIDA.ORCHIDALES.ORCHIDACEAE.Pseudorchis,3.0
PLANTAE.TRACHEOPHYTA.LILIOPSIDA.ORCHIDALES.ORCHIDACEAE.Spiranthes,2.667
PLANTAE.TRACHEOPHYTA.LILIOPSIDA.ORCHIDALES.ORCHIDACEAE.Steveniella,0.0
PLANTAE.TRACHEOPHYTA.LILIOPSIDA.ALISMATALES,2.333
PLANTAE.TRACHEOPHYTA.LILIOPSIDA.ALISMATALES.ALISMATACEAE,2.286
PLANTAE.TRACHEOPHYTA.LILIOPSIDA.ALISMATALES.ALISMATACEAE.Alisma,2.5
PLANTAE.TRACHEOPHYTA.LILIOPSIDA.ALISMATALES.ALISMATACEAE.Baldellia,2.0
PLANTAE.TRACHEOPHYTA.LILIOPSIDA.ALISMATALES.ALISMATACEAE.Caldesia,2.0
PLANTAE.TRACHEOPHYTA.LILIOPSIDA.ALISMATALES.ALISMATACEAE.Damasonium,1.667
PLANTAE.TRACHEOPHYTA.LILIOPSIDA.ALISMATALES.ALISMATACEAE.Luronium,3.0
PLANTAE.TRACHEOPHYTA.LILIOPSIDA.ALISMATALES.ALISMATACEAE.Sagittaria,3.0
PLANTAE.TRACHEOPHYTA.LILIOPSIDA.ALISMATALES.BUTOMACEAE,3.0
PLANTAE.TRACHEOPHYTA.LILIOPSIDA.ALISMATALES.BUTOMACEAE.Butomus,3.0
PLANTAE.TRACHEOPHYTA.LILIOPSIDA.ARALES,2.625
PLANTAE.TRACHEOPHYTA.LILIOPSIDA.ARALES.ARACEAE,2.0
PLANTAE.TRACHEOPHYTA.LILIOPSIDA.ARALES.ARACEAE.Arum,1.0
PLANTAE.TRACHEOPHYTA.LILIOPSIDA.ARALES.ARACEAE.Biarum,2.0
PLANTAE.TRACHEOPHYTA.LILIOPSIDA.ARALES.ARACEAE.Calla,3.0
PLANTAE.TRACHEOPHYTA.LILIOPSIDA.ARALES.LEMNACEAE,3.0
PLANTAE.TRACHEOPHYTA.LILIOPSIDA.ARALES.LEMNACEAE.Lemna,3.0
PLANTAE.TRACHEOPHYTA.LILIOPSIDA.ARALES.LEMNACEAE.Spirodela,3.0
PLANTAE.TRACHEOPHYTA.LILIOPSIDA.ARALES.LEMNACEAE.Wolffia,3.0
PLANTAE.TRACHEOPHYTA.LILIOPSIDA.CYPERALES,2.636
PLANTAE.TRACHEOPHYTA.LILIOPSIDA.CYPERALES.CYPERACEAE,2.905
PLANTAE.TRACHEOPHYTA.LILIOPSIDA.CYPERALES.CYPERACEAE.Bolboschoenus,3.0
PLANTAE.TRACHEOPHYTA.LILIOPSIDA.CYPERALES.CYPERACEAE.Carex,2.9
PLANTAE.TRACHEOPHYTA.LILIOPSIDA.CYPERALES.CYPERACEAE.Cladium,3.0
PLANTAE.TRACHEOPHYTA.LILIOPSIDA.CYPERALES.CYPERACEAE.Cyperus,2.7
PLANTAE.TRACHEOPHYTA.LILIOPSIDA.CYPERALES.CYPERACEAE.Eleocharis,3.0
PLANTAE.TRACHEOPHYTA.LILIOPSIDA.CYPERALES.CYPERACEAE.Eriophorum,2.833
PLANTAE.TRACHEOPHYTA.LILIOPSIDA.CYPERALES.CYPERACEAE.Fimbristylis,3.0
PLANTAE.TRACHEOPHYTA.LILIOPSIDA.CYPERALES.CYPERACEAE.Fuirena,3.0
PLANTAE.TRACHEOPHYTA.LILIOPSIDA.CYPERALES.CYPERACEAE.Isolepis,3.0
PLANTAE.TRACHEOPHYTA.LILIOPSIDA.CYPERALES.CYPERACEAE.Pycreus,3.0
PLANTAE.TRACHEOPHYTA.LILIOPSIDA.CYPERALES.CYPERACEAE.Schoenoplectus,3.0
PLANTAE.TRACHEOPHYTA.LILIOPSIDA.CYPERALES.CYPERACEAE.Scirpus,3.0
PLANTAE.TRACHEOPHYTA.LILIOPSIDA.CYPERALES.GRAMINEAE,2.471
PLANTAE.TRACHEOPHYTA.LILIOPSIDA.CYPERALES.GRAMINEAE.Aegilops,2.667
PLANTAE.TRACHEOPHYTA.LILIOPSIDA.CYPERALES.GRAMINEAE.Agropyron,1.6
PLANTAE.TRACHEOPHYTA.LILIOPSIDA.CYPERALES.GRAMINEAE.Agrostis,3.0
PLANTAE.TRACHEOPHYTA.LILIOPSIDA.CYPERALES.GRAMINEAE.Alopecurus,3.0
PLANTAE.TRACHEOPHYTA.LILIOPSIDA.CYPERALES.GRAMINEAE.Arctagrostis,3.0
PLANTAE.TRACHEOPHYTA.LILIOPSIDA.CYPERALES.GRAMINEAE.Arctophila,3.0
PLANTAE.TRACHEOPHYTA.LILIOPSIDA.CYPERALES.GRAMINEAE.Arrhenatherum,3.0
PLANTAE.TRACHEOPHYTA.LILIOPSIDA.CYPERALES.GRAMINEAE.Arundo,3.0
PLANTAE.TRACHEOPHYTA.LILIOPSIDA.CYPERALES.GRAMINEAE.Avena,2.333
PLANTAE.TRACHEOPHYTA.LILIOPSIDA.CYPERALES.GRAMINEAE.Avenula,1.0
PLANTAE.TRACHEOPHYTA.LILIOPSIDA.CYPERALES.GRAMINEAE.Brachiaria,3.0
PLANTAE.TRACHEOPHYTA.LILIOPSIDA.CYPERALES.GRAMINEAE.Bromus,-2.0
PLANTAE.TRACHEOPHYTA.LILIOPSIDA.CYPERALES.GRAMINEAE.Calamagrostis,3.0
PLANTAE.TRACHEOPHYTA.LILIOPSIDA.CYPERALES.GRAMINEAE.Catabrosa,3.0
PLANTAE.TRACHEOPHYTA.LILIOPSIDA.CYPERALES.GRAMINEAE.Cinna,3.0
PLANTAE.TRACHEOPHYTA.LILIOPSIDA.CYPERALES.GRAMINEAE.Coleanthus,3.0
PLANTAE.TRACHEOPHYTA.LILIOPSIDA.CYPERALES.GRAMINEAE.Elymus,3.0
PLANTAE.TRACHEOPHYTA.LILIOPSIDA.CYPERALES.GRAMINEAE.Festuca,2.714
PLANTAE.TRACHEOPHYTA.LILIOPSIDA.CYPERALES.GRAMINEAE.Glyceria,3.0
PLANTAE.TRACHEOPHYTA.LILIOPSIDA.CYPERALES.GRAMINEAE.Hemarthria,3.0
PLANTAE.TRACHEOPHYTA.LILIOPSIDA.CYPERALES.GRAMINEAE.Hordeum,3.0
PLANTAE.TRACHEOPHYTA.LILIOPSIDA.CYPERALES.GRAMINEAE.Leersia,3.0
PLANTAE.TRACHEOPHYTA.LILIOPSIDA.CYPERALES.GRAMINEAE.Lolium,3.0
PLANTAE.TRACHEOPHYTA.LILIOPSIDA.CYPERALES.GRAMINEAE.Micropyropsis,0.0
PLANTAE.TRACHEOPHYTA.LILIOPSIDA.CYPERALES.GRAMINEAE.Panicum,3.0
PLANTAE.TRACHEOPHYTA.LILIOPSIDA.CYPERALES.GRAMINEAE.Phalaris,2.333
PLANTAE.TRACHEOPHYTA.LILIOPSIDA.CYPERALES.GRAMINEAE.Phleum,3.0
PLANTAE.TRACHEOPHYTA.LILIOPSIDA.CYPERALES.GRAMINEAE.Phragmites,3.0
PLANTAE.TRACHEOPHYTA.LILIOPSIDA.CYPERALES.GRAMINEAE.Pleuropogon,3.0
PLANTAE.TRACHEOPHYTA.LILIOPSIDA.CYPERALES.GRAMINEAE.Poa,2.0
PLANTAE.TRACHEOPHYTA.LILIOPSIDA.CYPERALES.GRAMINEAE.Pseudarrhenatherum,0.0
PLANTAE.TRACHEOPHYTA.LILIOPSIDA.CYPERALES.GRAMINEAE.Puccinellia,2.0
PLANTAE.TRACHEOPHYTA.LILIOPSIDA.CYPERALES.GRAMINEAE.Saccharum,3.0
PLANTAE.TRACHEOPHYTA.LILIOPSIDA.CYPERALES.GRAMINEAE.Scolochloa,3.0
PLANTAE.TRACHEOPHYTA.LILIOPSIDA.CYPERALES.GRAMINEAE.Secale,3.0
PLANTAE.TRACHEOPHYTA.LILIOPSIDA.CYPERALES.GRAMINEAE.Stipa,1.0
PLANTAE.TRACHEOPHYTA.LILIOPSIDA.CYPERALES.GRAMINEAE.Trisetum,2.0
PLANTAE.TRACHEOPHYTA.LILIOPSIDA.CYPERALES.GRAMINEAE.Triticum,3.0
PLANTAE.TRACHEOPHYTA.LILIOPSIDA.ERIOCAULALES,3.0
PLANTAE.TRACHEOPHYTA.LILIOPSIDA.ERIOCAULALES.ERIOCAULACEAE,3.0
PLANTAE.TRACHEOPHYTA.LILIOPSIDA.ERIOCAULALES.ERIOCAULACEAE.Eriocaulon,3.0
PLANTAE.TRACHEOPHYTA.LILIOPSIDA.HYDROCHARITALES,2.667
PLANTAE.TRACHEOPHYTA.LILIOPSIDA.HYDROCHARITALES.HYDROCHARITACEAE,2.667
PLANTAE.TRACHEOPHYTA.LILIOPSIDA.HYDROCHARITALES.HYDROCHARITACEAE.Hydrocharis,3.0
PLANTAE.TRACHEOPHYTA.LILIOPSIDA.HYDROCHARITALES.HYDROCHARITACEAE.Najas,2.333
PLANTAE.TRACHEOPHYTA.LILIOPSIDA.HYDROCHARITALES.HYDROCHARITACEAE.Stratiotes,3.0
PLANTAE.TRACHEOPHYTA.LILIOPSIDA.HYDROCHARITALES.HYDROCHARITACEAE.Vallisneria,3.0
PLANTAE.TRACHEOPHYTA.LILIOPSIDA.JUNCALES,2.833
PLANTAE.TRACHEOPHYTA.LILIOPSIDA.JUNCALES.JUNCACEAE,2.833
PLANTAE.TRACHEOPHYTA.LILIOPSIDA.JUNCALES.JUNCACEAE.Juncus,2.818
PLANTAE.TRACHEOPHYTA.LILIOPSIDA.JUNCALES.JUNCACEAE.Luzula,3.0
PLANTAE.TRACHEOPHYTA.LILIOPSIDA.NAJADALES,2.828
PLANTAE.TRACHEOPHYTA.LILIOPSIDA.NAJADALES.JUNCAGINACEAE,3.0
PLANTAE.TRACHEOPHYTA.LILIOPSIDA.NAJADALES.JUNCAGINACEAE.Triglochin,3.0
PLANTAE.TRACHEOPHYTA.LILIOPSIDA.NAJADALES.POTAMOGETONACEAE,2.833
PLANTAE.TRACHEOPHYTA.LILIOPSIDA.NAJADALES.POTAMOGETONACEAE.Groenlandia,3.0
PLANTAE.TRACHEOPHYTA.LILIOPSIDA.NAJADALES.POTAMOGETONACEAE.Potamogeton,2.842
PLANTAE.TRACHEOPHYTA.LILIOPSIDA.NAJADALES.POTAMOGETONACEAE.Ruppia,3.0
PLANTAE.TRACHEOPHYTA.LILIOPSIDA.NAJADALES.POTAMOGETONACEAE.Stuckenia,2.5
PLANTAE.TRACHEOPHYTA.LILIOPSIDA.NAJADALES.ZANNICHELLIACEAE,2.75
PLANTAE.TRACHEOPHYTA.LILIOPSIDA.NAJADALES.ZANNICHELLIACEAE.Zannichellia,2.75
PLANTAE.TRACHEOPHYTA.LILIOPSIDA.TYPHALES,2.9
PLANTAE.TRACHEOPHYTA.LILIOPSIDA.TYPHALES.TYPHACEAE,2.9
PLANTAE.TRACHEOPHYTA.LILIOPSIDA.TYPHALES.TYPHACEAE.Sparganium,2.833
PLANTAE.TRACHEOPHYTA.LILIOPSIDA.TYPHALES.TYPHACEAE.Typha,3.0
PLANTAE.TRACHEOPHYTA.MAGNOLIOPSIDA,1.95
PLANTAE.TRACHEOPHYTA.MAGNOLIOPSIDA.APIALES,2.129
PLANTAE.TRACHEOPHYTA.MAGNOLIOPSIDA.APIALES.ARALIACEAE,3.0
PLANTAE.TRACHEOPHYTA.MAGNOLIOPSIDA.APIALES.ARALIACEAE.Hedera,3.0
PLANTAE.TRACHEOPHYTA.MAGNOLIOPSIDA.APIALES.UMBELLIFERAE,2.115
PLANTAE.TRACHEOPHYTA.MAGNOLIOPSIDA.APIALES.UMBELLIFERAE.Ammi,3.0
PLANTAE.TRACHEOPHYTA.MAGNOLIOPSIDA.APIALES.UMBELLIFERAE.Angelica,3.0
PLANTAE.TRACHEOPHYTA.MAGNOLIOPSIDA.APIALES.UMBELLIFERAE.Apium,2.143
PLANTAE.TRACHEOPHYTA.MAGNOLIOPSIDA.APIALES.UMBELLIFERAE.Bupleurum,0.4
PLANTAE.TRACHEOPHYTA.MAGNOLIOPSIDA.APIALES.UMBELLIFERAE.Carum,3.0
PLANTAE.TRACHEOPHYTA.MAGNOLIOPSIDA.APIALES.UMBELLIFERAE.Cicuta,3.0
PLANTAE.TRACHEOPHYTA.MAGNOLIOPSIDA.APIALES.UMBELLIFERAE.Crithmum,3.0
PLANTAE.TRACHEOPHYTA.MAGNOLIOPSIDA.APIALES.UMBELLIFERAE.Daucus,3.0
PLANTAE.TRACHEOPHYTA.MAGNOLIOPSIDA.APIALES.UMBELLIFERAE.Eryngium,2.333
PLANTAE.TRACHEOPHYTA.MAGNOLIOPSIDA.APIALES.UMBELLIFERAE.Foeniculum,3.0
PLANTAE.TRACHEOPHYTA.MAGNOLIOPSIDA.APIALES.UMBELLIFERAE.Oenanthe,2.588
PLANTAE.TRACHEOPHYTA.MAGNOLIOPSIDA.APIALES.UMBELLIFERAE.Peucedanum,3.0
PLANTAE.TRACHEOPHYTA.MAGNOLIOPSIDA.APIALES.UMBELLIFERAE.Sanicula,3.0
PLANTAE.TRACHEOPHYTA.MAGNOLIOPSIDA.APIALES.UMBELLIFERAE.Athamanta,-1.0
PLANTAE.TRACHEOPHYTA.MAGNOLIOPSIDA.APIALES.UMBELLIFERAE.Berula,3.0
PLANTAE.TRACHEOPHYTA.MAGNOLIOPSIDA.APIALES.UMBELLIFERAE.Ferula,1.333
PLANTAE.TRACHEOPHYTA.MAGNOLIOPSIDA.APIALES.UMBELLIFERAE.Hydrocotyle,3.0
PLANTAE.TRACHEOPHYTA.MAGNOLIOPSIDA.APIALES.UMBELLIFERAE.Laserpitium,-1.0
PLANTAE.TRACHEOPHYTA.MAGNOLIOPSIDA.APIALES.UMBELLIFERAE.Monizia,-1.0
PLANTAE.TRACHEOPHYTA.MAGNOLIOPSIDA.APIALES.UMBELLIFERAE.Naufraga,-1.0
PLANTAE.TRACHEOPHYTA.MAGNOLIOPSIDA.APIALES.UMBELLIFERAE.Petagnia,3.0
PLANTAE.TRACHEOPHYTA.MAGNOLIOPSIDA.APIALES.UMBELLIFERAE.Rouya,0.0
PLANTAE.TRACHEOPHYTA.MAGNOLIOPSIDA.APIALES.UMBELLIFERAE.Seseli,1.0
PLANTAE.TRACHEOPHYTA.MAGNOLIOPSIDA.APIALES.UMBELLIFERAE.Sium,3.0
PLANTAE.TRACHEOPHYTA.MAGNOLIOPSIDA.APIALES.UMBELLIFERAE.Thorella,1.0
PLANTAE.TRACHEOPHYTA.MAGNOLIOPSIDA.ASTERALES,1.404
PLANTAE.TRACHEOPHYTA.MAGNOLIOPSIDA.ASTERALES.COMPOSITAE,1.404
PLANTAE.TRACHEOPHYTA.MAGNOLIOPSIDA.ASTERALES.COMPOSITAE.Achillea,3.0
PLANTAE.TRACHEOPHYTA.MAGNOLIOPSIDA.ASTERALES.COMPOSITAE.Antennaria,3.0
PLANTAE.TRACHEOPHYTA.MAGNOLIOPSIDA.ASTERALES.COMPOSITAE.Arctium,3.0
PLANTAE.TRACHEOPHYTA.MAGNOLIOPSIDA.ASTERALES.COMPOSITAE.Arnica,3.0
PLANTAE.TRACHEOPHYTA.MAGNOLIOPSIDA.ASTERALES.COMPOSITAE.Artemisia,2.077
PLANTAE.TRACHEOPHYTA.MAGNOLIOPSIDA.ASTERALES.COMPOSITAE.Aster,1.0
PLANTAE.TRACHEOPHYTA.MAGNOLIOPSIDA.ASTERALES.COMPOSITAE.Chamaemelum,3.0
PLANTAE.TRACHEOPHYTA.MAGNOLIOPSIDA.ASTERALES.COMPOSITAE.Chiliadenus,3.0
PLANTAE.TRACHEOPHYTA.MAGNOLIOPSIDA.ASTERALES.COMPOSITAE.Cichorium,3.0
PLANTAE.TRACHEOPHYTA.MAGNOLIOPSIDA.ASTERALES.COMPOSITAE.Cyanus,3.0
PLANTAE.TRACHEOPHYTA.MAGNOLIOPSIDA.ASTERALES.COMPOSITAE.Cynara,3.0
PLANTAE.TRACHEOPHYTA.MAGNOLIOPSIDA.ASTERALES.COMPOSITAE.Helichrysum,1.333
PLANTAE.TRACHEOPHYTA.MAGNOLIOPSIDA.ASTERALES.COMPOSITAE.Inula,3.0
PLANTAE.TRACHEOPHYTA.MAGNOLIOPSIDA.ASTERALES.COMPOSITAE.Leontopodium,3.0
PLANTAE.TRACHEOPHYTA.MAGNOLIOPSIDA.ASTERALES.COMPOSITAE.Matricaria,3.0
PLANTAE.TRACHEOPHYTA.MAGNOLIOPSIDA.ASTERALES.COMPOSITAE.Petasites,3.0
PLANTAE.TRACHEOPHYTA.MAGNOLIOPSIDA.ASTERALES.COMPOSITAE.Rhaponticum,3.0
PLANTAE.TRACHEOPHYTA.MAGNOLIOPSIDA.ASTERALES.COMPOSITAE.Santolina,2.25
PLANTAE.TRACHEOPHYTA.MAGNOLIOPSIDA.ASTERALES.COMPOSITAE.Silybum,3.0
PLANTAE.TRACHEOPHYTA.MAGNOLIOPSIDA.ASTERALES.COMPOSITAE.Solidago,3.0
PLANTAE.TRACHEOPHYTA.MAGNOLIOPSIDA.ASTERALES.COMPOSITAE.Tanacetum,1.25
PLANTAE.TRACHEOPHYTA.MAGNOLIOPSIDA.ASTERALES.COMPOSITAE.Taraxacum,3.0
PLANTAE.TRACHEOPHYTA.MAGNOLIOPSIDA.ASTERALES.COMPOSITAE.Tussilago,3.0
PLANTAE.TRACHEOPHYTA.MAGNOLIOPSIDA.ASTERALES.COMPOSITAE.Andryala,-1.0
PLANTAE.TRACHEOPHYTA.MAGNOLIOPSIDA.ASTERALES.COMPOSITAE.Anthemis,-1.0
PLANTAE.TRACHEOPHYTA.MAGNOLIOPSIDA.ASTERALES.COMPOSITAE.Argyranthemum,0.0
PLANTAE.TRACHEOPHYTA.MAGNOLIOPSIDA.ASTERALES.COMPOSITAE.Atractylis,0.0
PLANTAE.TRACHEOPHYTA.MAGNOLIOPSIDA.ASTERALES.COMPOSITAE.Bidens,3.0
PLANTAE.TRACHEOPHYTA.MAGNOLIOPSIDA.ASTERALES.COMPOSITAE.Calendula,3.0
PLANTAE.TRACHEOPHYTA.MAGNOLIOPSIDA.ASTERALES.COMPOSITAE.Canariothamnus,1.0
PLANTAE.TRACHEOPHYTA.MAGNOLIOPSIDA.ASTERALES.COMPOSITAE.Carduus,0.0
PLANTAE.TRACHEOPHYTA.MAGNOLIOPSIDA.ASTERALES.COMPOSITAE.Carlina,0.5
PLANTAE.TRACHEOPHYTA.MAGNOLIOPSIDA.ASTERALES.COMPOSITAE.Carthamus,1.0
PLANTAE.TRACHEOPHYTA.MAGNOLIOPSIDA.ASTERALES.COMPOSITAE.Centaurea,0.619
PLANTAE.TRACHEOPHYTA.MAGNOLIOPSIDA.ASTERALES.COMPOSITAE.Cheirolophus,-0.2
PLANTAE.TRACHEOPHYTA.MAGNOLIOPSIDA.ASTERALES.COMPOSITAE.Cirsium,3.0
PLANTAE.TRACHEOPHYTA.MAGNOLIOPSIDA.ASTERALES.COMPOSITAE.Crepis,0.25
PLANTAE.TRACHEOPHYTA.MAGNOLIOPSIDA.ASTERALES.COMPOSITAE.Erigeron,0.0
PLANTAE.TRACHEOPHYTA.MAGNOLIOPSIDA.ASTERALES.COMPOSITAE.Eurybia,3.0
PLANTAE.TRACHEOPHYTA.MAGNOLIOPSIDA.ASTERALES.COMPOSITAE.Hypochaeris,-1.0
PLANTAE.TRACHEOPHYTA.MAGNOLIOPSIDA.ASTERALES.COMPOSITAE.Jurinea,1.0
PLANTAE.TRACHEOPHYTA.MAGNOLIOPSIDA.ASTERALES.COMPOSITAE.Lactuca,2.5
PLANTAE.TRACHEOPHYTA.MAGNOLIOPSIDA.ASTERALES.COMPOSITAE.Lamyropsis,-1.0
PLANTAE.TRACHEOPHYTA.MAGNOLIOPSIDA.ASTERALES.COMPOSITAE.Leontodon,1.667
PLANTAE.TRACHEOPHYTA.MAGNOLIOPSIDA.ASTERALES.COMPOSITAE.Leuzea,1.0
PLANTAE.TRACHEOPHYTA.MAGNOLIOPSIDA.ASTERALES.COMPOSITAE.Onopordum,-1.0
PLANTAE.TRACHEOPHYTA.MAGNOLIOPSIDA.ASTERALES.COMPOSITAE.Pericallis,-1.0
PLANTAE.TRACHEOPHYTA.MAGNOLIOPSIDA.ASTERALES.COMPOSITAE.Phagnalon,3.0
PLANTAE.TRACHEOPHYTA.MAGNOLIOPSIDA.ASTERALES.COMPOSITAE.Picris,0.0
PLANTAE.TRACHEOPHYTA.MAGNOLIOPSIDA.ASTERALES.COMPOSITAE.Senecio,0.5
PLANTAE.TRACHEOPHYTA.MAGNOLIOPSIDA.ASTERALES.COMPOSITAE.Sonchus,-1.0
PLANTAE.TRACHEOPHYTA.MAGNOLIOPSIDA.ASTERALES.COMPOSITAE.Stemmacantha,0.0
PLANTAE.TRACHEOPHYTA.MAGNOLIOPSIDA.ASTERALES.COMPOSITAE.Sventenia,0.0
PLANTAE.TRACHEOPHYTA.MAGNOLIOPSIDA.ASTERALES.COMPOSITAE.Tephroseris,1.0
PLANTAE.TRACHEOPHYTA.MAGNOLIOPSIDA.ASTERALES.COMPOSITAE.Tolpis,0.0
PLANTAE.TRACHEOPHYTA.MAGNOLIOPSIDA.ASTERALES.COMPOSITAE.Wagenitzia,0.0
PLANTAE.TRACHEOPHYTA.MAGNOLIOPSIDA.CAPPARALES,2.0
PLANTAE.TRACHEOPHYTA.MAGNOLIOPSIDA.CAPPARALES.CRUCIFERAE,2.0
PLANTAE.TRACHEOPHYTA.MAGNOLIOPSIDA.CAPPARALES.CRUCIFERAE.Capsella,3.0
PLANTAE.TRACHEOPHYTA.MAGNOLIOPSIDA.CAPPARALES.CRUCIFERAE.Cochlearia,1.333
PLANTAE.TRACHEOPHYTA.MAGNOLIOPSIDA.CAPPARALES.CRUCIFERAE.Nasturtium,3.0
PLANTAE.TRACHEOPHYTA.MAGNOLIOPSIDA.CAPPARALES.CRUCIFERAE.Sisymbrium,2.333
PLANTAE.TRACHEOPHYTA.MAGNOLIOPSIDA.CAPPARALES.CRUCIFERAE.Alyssum,1.0
PLANTAE.TRACHEOPHYTA.MAGNOLIOPSIDA.CAPPARALES.CRUCIFERAE.Arabis,-1.0
PLANTAE.TRACHEOPHYTA.MAGNOLIOPSIDA.CAPPARALES.CRUCIFERAE.Armoracia,3.0
PLANTAE.TRACHEOPHYTA.MAGNOLIOPSIDA.CAPPARALES.CRUCIFERAE.Barbarea,2.4
PLANTAE.TRACHEOPHYTA.MAGNOLIOPSIDA.CAPPARALES.CRUCIFERAE.Biscutella,1.0
PLANTAE.TRACHEOPHYTA.MAGNOLIOPSIDA.CAPPARALES.CRUCIFERAE.Boleum,3.0
PLANTAE.TRACHEOPHYTA.MAGNOLIOPSIDA.CAPPARALES.CRUCIFERAE.Brassica,2.25
PLANTAE.TRACHEOPHYTA.MAGNOLIOPSIDA.CAPPARALES.CRUCIFERAE.Braya,2.0
PLANTAE.TRACHEOPHYTA.MAGNOLIOPSIDA.CAPPARALES.CRUCIFERAE.Camelina,3.0
PLANTAE.TRACHEOPHYTA.MAGNOLIOPSIDA.CAPPARALES.CRUCIFERAE.Cardamine,3.0
PLANTAE.TRACHEOPHYTA.MAGNOLIOPSIDA.CAPPARALES.CRUCIFERAE.Coincya,0.0
PLANTAE.TRACHEOPHYTA.MAGNOLIOPSIDA.CAPPARALES.CRUCIFERAE.Coronopus,-1.0
PLANTAE.TRACHEOPHYTA.MAGNOLIOPSIDA.CAPPARALES.CRUCIFERAE.Crambe,1.053
PLANTAE.TRACHEOPHYTA.MAGNOLIOPSIDA.CAPPARALES.CRUCIFERAE.Diplotaxis,2.308
PLANTAE.TRACHEOPHYTA.MAGNOLIOPSIDA.CAPPARALES.CRUCIFERAE.Draba,3.0
PLANTAE.TRACHEOPHYTA.MAGNOLIOPSIDA.CAPPARALES.CRUCIFERAE.Eruca,3.0
PLANTAE.TRACHEOPHYTA.MAGNOLIOPSIDA.CAPPARALES.CRUCIFERAE.Erucastrum,-1.0
PLANTAE.TRACHEOPHYTA.MAGNOLIOPSIDA.CAPPARALES.CRUCIFERAE.Erysimum,1.0
PLANTAE.TRACHEOPHYTA.MAGNOLIOPSIDA.CAPPARALES.CRUCIFERAE.Iberis,1.0
PLANTAE.TRACHEOPHYTA.MAGNOLIOPSIDA.CAPPARALES.CRUCIFERAE.Ionopsidium,2.5
PLANTAE.TRACHEOPHYTA.MAGNOLIOPSIDA.CAPPARALES.CRUCIFERAE.Isatis,2.333
PLANTAE.TRACHEOPHYTA.MAGNOLIOPSIDA.CAPPARALES.CRUCIFERAE.Lepidium,2.636
PLANTAE.TRACHEOPHYTA.MAGNOLIOPSIDA.CAPPARALES.CRUCIFERAE.Murbeckiella,2.5
PLANTAE.TRACHEOPHYTA.MAGNOLIOPSIDA.CAPPARALES.CRUCIFERAE.Parolinia,1.0
PLANTAE.TRACHEOPHYTA.MAGNOLIOPSIDA.CAPPARALES.CRUCIFERAE.Raphanus,3.0
PLANTAE.TRACHEOPHYTA.MAGNOLIOPSIDA.CAPPARALES.CRUCIFERAE.Rorippa,2.643
PLANTAE.TRACHEOPHYTA.MAGNOLIOPSIDA.CAPPARALES.CRUCIFERAE.Schivereckia,3.0
PLANTAE.TRACHEOPHYTA.MAGNOLIOPSIDA.CAPPARALES.CRUCIFERAE.Sinapidendron,0.0
PLANTAE.TRACHEOPHYTA.MAGNOLIOPSIDA.CAPPARALES.CRUCIFERAE.Sinapis,3.0
PLANTAE.TRACHEOPHYTA.MAGNOLIOPSIDA.CAPPARALES.CRUCIFERAE.Subularia,3.0
PLANTAE.TRACHEOPHYTA.MAGNOLIOPSIDA.CAPPARALES.CRUCIFERAE.Thlaspi,2.0
PLANTAE.TRACHEOPHYTA.MAGNOLIOPSIDA.CARYOPHYLLALES,1.404
PLANTAE.TRACHEOPHYTA.MAGNOLIOPSIDA.CARYOPHYLLALES.CARYOPHYLLACEAE,1.417
PLANTAE.TRACHEOPHYTA.MAGNOLIOPSIDA.CARYOPHYLLALES.CARYOPHYLLACEAE.Dianthus,1.7
PLANTAE.TRACHEOPHYTA.MAGNOLIOPSIDA.CARYOPHYLLALES.CARYOPHYLLACEAE.Gypsophila,1.0
PLANTAE.TRACHEOPHYTA.MAGNOLIOPSIDA.CARYOPHYLLALES.CARYOPHYLLACEAE.Saponaria,3.0
PLANTAE.TRACHEOPHYTA.MAGNOLIOPSIDA.CARYOPHYLLALES.CARYOPHYLLACEAE.Stellaria,3.0
PLANTAE.TRACHEOPHYTA.MAGNOLIOPSIDA.CARYOPHYLLALES.CARYOPHYLLACEAE.Arenaria,1.8
PLANTAE.TRACHEOPHYTA.MAGNOLIOPSIDA.CARYOPHYLLALES.CARYOPHYLLACEAE.Cerastium,1.0
PLANTAE.TRACHEOPHYTA.MAGNOLIOPSIDA.CARYOPHYLLALES.CARYOPHYLLACEAE.Moehringia,1.0
PLANTAE.TRACHEOPHYTA.MAGNOLIOPSIDA.CARYOPHYLLALES.CARYOPHYLLACEAE.Petrocoptis,1.333
PLANTAE.TRACHEOPHYTA.MAGNOLIOPSIDA.CARYOPHYLLALES.CARYOPHYLLACEAE.Silene,1.1
PLANTAE.TRACHEOPHYTA.MAGNOLIOPSIDA.CARYOPHYLLALES.CHENOPODIACEAE,1.267
PLANTAE.TRACHEOPHYTA.MAGNOLIOPSIDA.CARYOPHYLLALES.CHENOPODIACEAE.Beta,1.167
PLANTAE.TRACHEOPHYTA.MAGNOLIOPSIDA.CARYOPHYLLALES.CHENOPODIACEAE.Atriplex,3.0
PLANTAE.TRACHEOPHYTA.MAGNOLIOPSIDA.CARYOPHYLLALES.CHENOPODIACEAE.Bassia,0.0
PLANTAE.TRACHEOPHYTA.MAGNOLIOPSIDA.CARYOPHYLLALES.CHENOPODIACEAE.Cremnophyton,-1.0
PLANTAE.TRACHEOPHYTA.MAGNOLIOPSIDA.CARYOPHYLLALES.CHENOPODIACEAE.Microcnemum,1.0
PLANTAE.TRACHEOPHYTA.MAGNOLIOPSIDA.CARYOPHYLLALES.CHENOPODIACEAE.Patellifolia,1.667
PLANTAE.TRACHEOPHYTA.MAGNOLIOPSIDA.CARYOPHYLLALES.CHENOPODIACEAE.Salicornia,1.0
PLANTAE.TRACHEOPHYTA.MAGNOLIOPSIDA.CARYOPHYLLALES.CHENOPODIACEAE.Salsola,3.0
PLANTAE.TRACHEOPHYTA.MAGNOLIOPSIDA.CARYOPHYLLALES.ILLECEBRACEAE,1.4
PLANTAE.TRACHEOPHYTA.MAGNOLIOPSIDA.CARYOPHYLLALES.ILLECEBRACEAE.Herniaria,1.4
PLANTAE.TRACHEOPHYTA.MAGNOLIOPSIDA.CARYOPHYLLALES.PORTULACACEAE,3.0
PLANTAE.TRACHEOPHYTA.MAGNOLIOPSIDA.CARYOPHYLLALES.PORTULACACEAE.Montia,3.0
PLANTAE.TRACHEOPHYTA.MAGNOLIOPSIDA.CELASTRALES,3.0
PLANTAE.TRACHEOPHYTA.MAGNOLIOPSIDA.CELASTRALES.AQUIFOLIACEAE,3.0
PLANTAE.TRACHEOPHYTA.MAGNOLIOPSIDA.CELASTRALES.AQUIFOLIACEAE.Ilex,3.0
PLANTAE.TRACHEOPHYTA.MAGNOLIOPSIDA.CELASTRALES.CELASTRACEAE,3.0
PLANTAE.TRACHEOPHYTA.MAGNOLIOPSIDA.CELASTRALES.CELASTRACEAE.Maytenus,3.0
PLANTAE.TRACHEOPHYTA.MAGNOLIOPSIDA.DILLENIALES,2.0
PLANTAE.TRACHEOPHYTA.MAGNOLIOPSIDA.DILLENIALES.PAEONIACEAE,2.0
PLANTAE.TRACHEOPHYTA.MAGNOLIOPSIDA.DILLENIALES.PAEONIACEAE.Paeonia,2.0
PLANTAE.TRACHEOPHYTA.MAGNOLIOPSIDA.DIPSACALES,2.0
PLANTAE.TRACHEOPHYTA.MAGNOLIOPSIDA.DIPSACALES.CAPRIFOLIACEAE,2.25
PLANTAE.TRACHEOPHYTA.MAGNOLIOPSIDA.DIPSACALES.CAPRIFOLIACEAE.Sambucus,2.0
PLANTAE.TRACHEOPHYTA.MAGNOLIOPSIDA.DIPSACALES.CAPRIFOLIACEAE.Viburnum,3.0
PLANTAE.TRACHEOPHYTA.MAGNOLIOPSIDA.DIPSACALES.VALERIANACEAE,1.5
PLANTAE.TRACHEOPHYTA.MAGNOLIOPSIDA.DIPSACALES.VALERIANACEAE.Valeriana,3.0
PLANTAE.TRACHEOPHYTA.MAGNOLIOPSIDA.DIPSACALES.VALERIANACEAE.Centranthus,0.0
PLANTAE.TRACHEOPHYTA.MAGNOLIOPSIDA.ERICALES,2.818
PLANTAE.TRACHEOPHYTA.MAGNOLIOPSIDA.ERICALES.ERICACEAE,2.818
PLANTAE.TRACHEOPHYTA.MAGNOLIOPSIDA.ERICALES.ERICACEAE.Arbutus,3.0
PLANTAE.TRACHEOPHYTA.MAGNOLIOPSIDA.ERICALES.ERICACEAE.Arctostaphylos,3.0
PLANTAE.TRACHEOPHYTA.MAGNOLIOPSIDA.ERICALES.ERICACEAE.Calluna,3.0
PLANTAE.TRACHEOPHYTA.MAGNOLIOPSIDA.ERICALES.ERICACEAE.Chimaphila,1.0
PLANTAE.TRACHEOPHYTA.MAGNOLIOPSIDA.ERICALES.ERICACEAE.Erica,3.0
PLANTAE.TRACHEOPHYTA.MAGNOLIOPSIDA.ERICALES.ERICACEAE.Rhododendron,3.0
PLANTAE.TRACHEOPHYTA.MAGNOLIOPSIDA.ERICALES.ERICACEAE.Vaccinium,3.0
PLANTAE.TRACHEOPHYTA.MAGNOLIOPSIDA.EUPHORBIALES,1.286
PLANTAE.TRACHEOPHYTA.MAGNOLIOPSIDA.EUPHORBIALES.BUXACEAE,3.0
PLANTAE.TRACHEOPHYTA.MAGNOLIOPSIDA.EUPHORBIALES.BUXACEAE.Buxus,3.0
PLANTAE.TRACHEOPHYTA.MAGNOLIOPSIDA.EUPHORBIALES.EUPHORBIACEAE,1.0
PLANTAE.TRACHEOPHYTA.MAGNOLIOPSIDA.EUPHORBIALES.EUPHORBIACEAE.Euphorbia,1.0
PLANTAE.TRACHEOPHYTA.MAGNOLIOPSIDA.FABALES,2.226
PLANTAE.TRACHEOPHYTA.MAGNOLIOPSIDA.FABALES.LEGUMINOSAE,2.226
PLANTAE.TRACHEOPHYTA.MAGNOLIOPSIDA.FABALES.LEGUMINOSAE.Astragalus,0.7
PLANTAE.TRACHEOPHYTA.MAGNOLIOPSIDA.FABALES.LEGUMINOSAE.Ceratonia,3.0
PLANTAE.TRACHEOPHYTA.MAGNOLIOPSIDA.FABALES.LEGUMINOSAE.Galega,3.0
PLANTAE.TRACHEOPHYTA.MAGNOLIOPSIDA.FABALES.LEGUMINOSAE.Glycyrrhiza,3.0
PLANTAE.TRACHEOPHYTA.MAGNOLIOPSIDA.FABALES.LEGUMINOSAE.Medicago,2.5
PLANTAE.TRACHEOPHYTA.MAGNOLIOPSIDA.FABALES.LEGUMINOSAE.Melilotus,3.0
PLANTAE.TRACHEOPHYTA.MAGNOLIOPSIDA.FABALES.LEGUMINOSAE.Ononis,2.5
PLANTAE.TRACHEOPHYTA.MAGNOLIOPSIDA.FABALES.LEGUMINOSAE.Pisum,2.667
PLANTAE.TRACHEOPHYTA.MAGNOLIOPSIDA.FABALES.LEGUMINOSAE.Trifolium,2.895
PLANTAE.TRACHEOPHYTA.MAGNOLIOPSIDA.FABALES.LEGUMINOSAE.Adenocarpus,0.0
PLANTAE.TRACHEOPHYTA.MAGNOLIOPSIDA.FABALES.LEGUMINOSAE.Anagyris,0.0
PLANTAE.TRACHEOPHYTA.MAGNOLIOPSIDA.FABALES.LEGUMINOSAE.Cicer,1.5
PLANTAE.TRACHEOPHYTA.MAGNOLIOPSIDA.FABALES.LEGUMINOSAE.Cytisus,-1.0
PLANTAE.TRACHEOPHYTA.MAGNOLIOPSIDA.FABALES.LEGUMINOSAE.Dorycnium,0.0
PLANTAE.TRACHEOPHYTA.MAGNOLIOPSIDA.FABALES.LEGUMINOSAE.Genista,1.0
PLANTAE.TRACHEOPHYTA.MAGNOLIOPSIDA.FABALES.LEGUMINOSAE.Hedysarum,3.0
PLANTAE.TRACHEOPHYTA.MAGNOLIOPSIDA.FABALES.LEGUMINOSAE.Lathyrus,2.667
PLANTAE.TRACHEOPHYTA.MAGNOLIOPSIDA.FABALES.LEGUMINOSAE.Lens,3.0
PLANTAE.TRACHEOPHYTA.MAGNOLIOPSIDA.FABALES.LEGUMINOSAE.Lotus,0.286
PLANTAE.TRACHEOPHYTA.MAGNOLIOPSIDA.FABALES.LEGUMINOSAE.Lupinus,3.0
PLANTAE.TRACHEOPHYTA.MAGNOLIOPSIDA.FABALES.LEGUMINOSAE.Onobrychis,3.0
PLANTAE.TRACHEOPHYTA.MAGNOLIOPSIDA.FABALES.LEGUMINOSAE.Ornithopus,3.0
PLANTAE.TRACHEOPHYTA.MAGNOLIOPSIDA.FABALES.LEGUMINOSAE.Oxytropis,1.0
PLANTAE.TRACHEOPHYTA.MAGNOLIOPSIDA.FABALES.LEGUMINOSAE.Securigera,3.0
PLANTAE.TRACHEOPHYTA.MAGNOLIOPSIDA.FABALES.LEGUMINOSAE.Teline,-0.667
PLANTAE.TRACHEOPHYTA.MAGNOLIOPSIDA.FABALES.LEGUMINOSAE.Ulex,3.0
PLANTAE.TRACHEOPHYTA.MAGNOLIOPSIDA.FABALES.LEGUMINOSAE.Vicia,2.273
PLANTAE.TRACHEOPHYTA.MAGNOLIOPSIDA.FAGALES,3.0
PLANTAE.TRACHEOPHYTA.MAGNOLIOPSIDA.FAGALES.BETULACEAE,3.0
PLANTAE.TRACHEOPHYTA.MAGNOLIOPSIDA.FAGALES.BETULACEAE.Betula,3.0
PLANTAE.TRACHEOPHYTA.MAGNOLIOPSIDA.FAGALES.FAGACEAE,3.0
PLANTAE.TRACHEOPHYTA.MAGNOLIOPSIDA.FAGALES.FAGACEAE.Castanea,3.0
PLANTAE.TRACHEOPHYTA.MAGNOLIOPSIDA.FAGALES.FAGACEAE.Quercus,3.0
PLANTAE.TRACHEOPHYTA.MAGNOLIOPSIDA.GENTIANALES,2.278
PLANTAE.TRACHEOPHYTA.MAGNOLIOPSIDA.GENTIANALES.APOCYNACEAE,3.0
PLANTAE.TRACHEOPHYTA.MAGNOLIOPSIDA.GENTIANALES.APOCYNACEAE.Nerium,3.0
PLANTAE.TRACHEOPHYTA.MAGNOLIOPSIDA.GENTIANALES.APOCYNACEAE.Vinca,3.0
PLANTAE.TRACHEOPHYTA.MAGNOLIOPSIDA.GENTIANALES.GENTIANACEAE,2.615
PLANTAE.TRACHEOPHYTA.MAGNOLIOPSIDA.GENTIANALES.GENTIANACEAE.Centaurium,2.0
PLANTAE.TRACHEOPHYTA.MAGNOLIOPSIDA.GENTIANALES.GENTIANACEAE.Gentiana,2.9
PLANTAE.TRACHEOPHYTA.MAGNOLIOPSIDA.GENTIANALES.GENTIANACEAE.Gentianella,1.0
PLANTAE.TRACHEOPHYTA.MAGNOLIOPSIDA.GENTIANALES.ASCLEPIADACEAE,0.333
PLANTAE.TRACHEOPHYTA.MAGNOLIOPSIDA.GENTIANALES.ASCLEPIADACEAE.Caralluma,0.0
PLANTAE.TRACHEOPHYTA.MAGNOLIOPSIDA.GENTIANALES.ASCLEPIADACEAE.Ceropegia,0.0
PLANTAE.TRACHEOPHYTA.MAGNOLIOPSIDA.GENTIANALES.ASCLEPIADACEAE.Vincetoxicum,1.0
PLANTAE.TRACHEOPHYTA.MAGNOLIOPSIDA.GERANIALES,0.833
PLANTAE.TRACHEOPHYTA.MAGNOLIOPSIDA.GERANIALES.GERANIACEAE,0.833
PLANTAE.TRACHEOPHYTA.MAGNOLIOPSIDA.GERANIALES.GERANIACEAE.Erodium,0.75
PLANTAE.TRACHEOPHYTA.MAGNOLIOPSIDA.GERANIALES.GERANIACEAE.Geranium,1.0
PLANTAE.TRACHEOPHYTA.MAGNOLIOPSIDA.LAMIALES,2.01
PLANTAE.TRACHEOPHYTA.MAGNOLIOPSIDA.LAMIALES.BORAGINACEAE,1.545
PLANTAE.TRACHEOPHYTA.MAGNOLIOPSIDA.LAMIALES.BORAGINACEAE.Alkanna,3.0
PLANTAE.TRACHEOPHYTA.MAGNOLIOPSIDA.LAMIALES.BORAGINACEAE.Borago,3.0
PLANTAE.TRACHEOPHYTA.MAGNOLIOPSIDA.LAMIALES.BORAGINACEAE.Pulmonaria,3.0
PLANTAE.TRACHEOPHYTA.MAGNOLIOPSIDA.LAMIALES.BORAGINACEAE.Symphytum,2.0
PLANTAE.TRACHEOPHYTA.MAGNOLIOPSIDA.LAMIALES.BORAGINACEAE.Anchusa,0.0
PLANTAE.TRACHEOPHYTA.MAGNOLIOPSIDA.LAMIALES.BORAGINACEAE.Echium,0.75
PLANTAE.TRACHEOPHYTA.MAGNOLIOPSIDA.LAMIALES.BORAGINACEAE.Heliotropium,3.0
PLANTAE.TRACHEOPHYTA.MAGNOLIOPSIDA.LAMIALES.BORAGINACEAE.Lithodora,0.0
PLANTAE.TRACHEOPHYTA.MAGNOLIOPSIDA.LAMIALES.BORAGINACEAE.Myosotis,2.0
PLANTAE.TRACHEOPHYTA.MAGNOLIOPSIDA.LAMIALES.BORAGINACEAE.Omphalodes,2.0
PLANTAE.TRACHEOPHYTA.MAGNOLIOPSIDA.LAMIALES.BORAGINACEAE.Onosma,0.5
PLANTAE.TRACHEOPHYTA.MAGNOLIOPSIDA.LAMIALES.BORAGINACEAE.Solenanthus,0.0
PLANTAE.TRACHEOPHYTA.MAGNOLIOPSIDA.LAMIALES.LABIATAE,2.13
PLANTAE.TRACHEOPHYTA.MAGNOLIOPSIDA.LAMIALES.LABIATAE.Ballota,3.0
PLANTAE.TRACHEOPHYTA.MAGNOLIOPSIDA.LAMIALES.LABIATAE.Clinopodium,3.0
PLANTAE.TRACHEOPHYTA.MAGNOLIOPSIDA.LAMIALES.LABIATAE.Glechoma,3.0
PLANTAE.TRACHEOPHYTA.MAGNOLIOPSIDA.LAMIALES.LABIATAE.Lamium,3.0
PLANTAE.TRACHEOPHYTA.MAGNOLIOPSIDA.LAMIALES.LABIATAE.Lavandula,3.0
PLANTAE.TRACHEOPHYTA.MAGNOLIOPSIDA.LAMIALES.LABIATAE.Leonurus,3.0
PLANTAE.TRACHEOPHYTA.MAGNOLIOPSIDA.LAMIALES.LABIATAE.Marrubium,2.0
PLANTAE.TRACHEOPHYTA.MAGNOLIOPSIDA.LAMIALES.LABIATAE.Melissa,3.0
PLANTAE.TRACHEOPHYTA.MAGNOLIOPSIDA.LAMIALES.LABIATAE.Mentha,3.0
PLANTAE.TRACHEOPHYTA.MAGNOLIOPSIDA.LAMIALES.LABIATAE.Nepeta,2.5
PLANTAE.TRACHEOPHYTA.MAGNOLIOPSIDA.LAMIALES.LABIATAE.Origanum,2.2
PLANTAE.TRACHEOPHYTA.MAGNOLIOPSIDA.LAMIALES.LABIATAE.Phlomis,3.0
PLANTAE.TRACHEOPHYTA.MAGNOLIOPSIDA.LAMIALES.LABIATAE.Prunella,2.833
PLANTAE.TRACHEOPHYTA.MAGNOLIOPSIDA.LAMIALES.LABIATAE.Rosmarinus,1.5
PLANTAE.TRACHEOPHYTA.MAGNOLIOPSIDA.LAMIALES.LABIATAE.Salvia,1.667
PLANTAE.TRACHEOPHYTA.MAGNOLIOPSIDA.LAMIALES.LABIATAE.Satureja,3.0
PLANTAE.TRACHEOPHYTA.MAGNOLIOPSIDA.LAMIALES.LABIATAE.Sideritis,1.143
PLANTAE.TRACHEOPHYTA.MAGNOLIOPSIDA.LAMIALES.LABIATAE.Stachys,3.0
PLANTAE.TRACHEOPHYTA.MAGNOLIOPSIDA.LAMIALES.LABIATAE.Teucrium,2.167
PLANTAE.TRACHEOPHYTA.MAGNOLIOPSIDA.LAMIALES.LABIATAE.Thymbra,3.0
PLANTAE.TRACHEOPHYTA.MAGNOLIOPSIDA.LAMIALES.LABIATAE.Thymus,2.636
PLANTAE.TRACHEOPHYTA.MAGNOLIOPSIDA.LAMIALES.LABIATAE.Dracocephalum,3.0
PLANTAE.TRACHEOPHYTA.MAGNOLIOPSIDA.LAMIALES.LABIATAE.Lycopus,3.0
PLANTAE.TRACHEOPHYTA.MAGNOLIOPSIDA.LAMIALES.LABIATAE.Micromeria,-0.333
PLANTAE.TRACHEOPHYTA.MAGNOLIOPSIDA.LAMIALES.VERBENACEAE,3.0
PLANTAE.TRACHEOPHYTA.MAGNOLIOPSIDA.LAMIALES.VERBENACEAE.Verbena,3.0
PLANTAE.TRACHEOPHYTA.MAGNOLIOPSIDA.LAURALES,3.0
PLANTAE.TRACHEOPHYTA.MAGNOLIOPSIDA.LAURALES.LAURACEAE,3.0
PLANTAE.TRACHEOPHYTA.MAGNOLIOPSIDA.LAURALES.LAURACEAE.Laurus,3.0
PLANTAE.TRACHEOPHYTA.MAGNOLIOPSIDA.MALVALES,2.714
PLANTAE.TRACHEOPHYTA.MAGNOLIOPSIDA.MALVALES.MALVACEAE,2.5
PLANTAE.TRACHEOPHYTA.MAGNOLIOPSIDA.MALVALES.MALVACEAE.Althaea,3.0
PLANTAE.TRACHEOPHYTA.MAGNOLIOPSIDA.MALVALES.MALVACEAE.Malva,3.0
PLANTAE.TRACHEOPHYTA.MAGNOLIOPSIDA.MALVALES.MALVACEAE.Kosteletzkya,1.0
PLANTAE.TRACHEOPHYTA.MAGNOLIOPSIDA.MALVALES.TILIACEAE,3.0
PLANTAE.TRACHEOPHYTA.MAGNOLIOPSIDA.MALVALES.TILIACEAE.Tilia,3.0
PLANTAE.TRACHEOPHYTA.MAGNOLIOPSIDA.MYRTALES,2.217
PLANTAE.TRACHEOPHYTA.MAGNOLIOPSIDA.MYRTALES.LYTHRACEAE,2.667
PLANTAE.TRACHEOPHYTA.MAGNOLIOPSIDA.MYRTALES.LYTHRACEAE.Lythrum,2.667
PLANTAE.TRACHEOPHYTA.MAGNOLIOPSIDA.MYRTALES.MYRTACEAE,3.0
PLANTAE.TRACHEOPHYTA.MAGNOLIOPSIDA.MYRTALES.MYRTACEAE.Myrtus,3.0
PLANTAE.TRACHEOPHYTA.MAGNOLIOPSIDA.MYRTALES.THYMELAEACEAE,2.0
PLANTAE.TRACHEOPHYTA.MAGNOLIOPSIDA.MYRTALES.THYMELAEACEAE.Daphne,2.0
PLANTAE.TRACHEOPHYTA.MAGNOLIOPSIDA.MYRTALES.THYMELAEACEAE.Thymelaea,2.0
PLANTAE.TRACHEOPHYTA.MAGNOLIOPSIDA.MYRTALES.TRAPACEAE,0.333
PLANTAE.TRACHEOPHYTA.MAGNOLIOPSIDA.MYRTALES.TRAPACEAE.Trapa,0.333
PLANTAE.TRACHEOPHYTA.MAGNOLIOPSIDA.MYRTALES.ONAGRACEAE,3.0
PLANTAE.TRACHEOPHYTA.MAGNOLIOPSIDA.MYRTALES.ONAGRACEAE.Ludwigia,3.0
PLANTAE.TRACHEOPHYTA.MAGNOLIOPSIDA.NEPENTHALES,2.333
PLANTAE.TRACHEOPHYTA.MAGNOLIOPSIDA.NEPENTHALES.DROSERACEAE,2.333
PLANTAE.TRACHEOPHYTA.MAGNOLIOPSIDA.NEPENTHALES.DROSERACEAE.Drosera,2.333
PLANTAE.TRACHEOPHYTA.MAGNOLIOPSIDA.NYMPHAEALES,3.0
PLANTAE.TRACHEOPHYTA.MAGNOLIOPSIDA.NYMPHAEALES.NYMPHAEACEAE,3.0
PLANTAE.TRACHEOPHYTA.MAGNOLIOPSIDA.NYMPHAEALES.NYMPHAEACEAE.Nuphar,3.0
PLANTAE.TRACHEOPHYTA.MAGNOLIOPSIDA.NYMPHAEALES.NYMPHAEACEAE.Nymphaea,3.0
PLANTAE.TRACHEOPHYTA.MAGNOLIOPSIDA.NYMPHAEALES.CERATOPHYLLACEAE,3.0
PLANTAE.TRACHEOPHYTA.MAGNOLIOPSIDA.NYMPHAEALES.CERATOPHYLLACEAE.Ceratophyllum,3.0
PLANTAE.TRACHEOPHYTA.MAGNOLIOPSIDA.PAPAVERALES,2.333
PLANTAE.TRACHEOPHYTA.MAGNOLIOPSIDA.PAPAVERALES.PAPAVERACEAE,2.333
PLANTAE.TRACHEOPHYTA.MAGNOLIOPSIDA.PAPAVERALES.PAPAVERACEAE.Chelidonium,3.0
PLANTAE.TRACHEOPHYTA.MAGNOLIOPSIDA.PAPAVERALES.PAPAVERACEAE.Fumaria,3.0
PLANTAE.TRACHEOPHYTA.MAGNOLIOPSIDA.PAPAVERALES.PAPAVERACEAE.Glaucium,3.0
PLANTAE.TRACHEOPHYTA.MAGNOLIOPSIDA.PAPAVERALES.PAPAVERACEAE.Papaver,2.5
PLANTAE.TRACHEOPHYTA.MAGNOLIOPSIDA.PAPAVERALES.PAPAVERACEAE.Corydalis,2.0
PLANTAE.TRACHEOPHYTA.MAGNOLIOPSIDA.PAPAVERALES.PAPAVERACEAE.Rupicapnos,0.0
PLANTAE.TRACHEOPHYTA.MAGNOLIOPSIDA.PLANTAGINALES,1.9
PLANTAE.TRACHEOPHYTA.MAGNOLIOPSIDA.PLANTAGINALES.PLANTAGINACEAE,1.9
PLANTAE.TRACHEOPHYTA.MAGNOLIOPSIDA.PLANTAGINALES.PLANTAGINACEAE.Plantago,1.778
PLANTAE.TRACHEOPHYTA.MAGNOLIOPSIDA.PLANTAGINALES.PLANTAGINACEAE.Littorella,3.0
PLANTAE.TRACHEOPHYTA.MAGNOLIOPSIDA.POLYGALALES,3.0
PLANTAE.TRACHEOPHYTA.MAGNOLIOPSIDA.POLYGALALES.POLYGALACEAE,3.0
PLANTAE.TRACHEOPHYTA.MAGNOLIOPSIDA.POLYGALALES.POLYGALACEAE.Polygala,3.0
PLANTAE.TRACHEOPHYTA.MAGNOLIOPSIDA.POLYGONALES,2.571
PLANTAE.TRACHEOPHYTA.MAGNOLIOPSIDA.POLYGONALES.POLYGONACEAE,2.571
PLANTAE.TRACHEOPHYTA.MAGNOLIOPSIDA.POLYGONALES.POLYGONACEAE.Persicaria,2.857
PLANTAE.TRACHEOPHYTA.MAGNOLIOPSIDA.POLYGONALES.POLYGONACEAE.Polygonum,1.5
PLANTAE.TRACHEOPHYTA.MAGNOLIOPSIDA.POLYGONALES.POLYGONACEAE.Rumex,2.6
PLANTAE.TRACHEOPHYTA.MAGNOLIOPSIDA.PRIMULALES,2.24
PLANTAE.TRACHEOPHYTA.MAGNOLIOPSIDA.PRIMULALES.PRIMULACEAE,2.24
PLANTAE.TRACHEOPHYTA.MAGNOLIOPSIDA.PRIMULALES.PRIMULACEAE.Cyclamen,3.0
PLANTAE.TRACHEOPHYTA.MAGNOLIOPSIDA.PRIMULALES.PRIMULACEAE.Primula,2.091
PLANTAE.TRACHEOPHYTA.MAGNOLIOPSIDA.PRIMULALES.PRIMULACEAE.Anagallis,1.0
PLANTAE.TRACHEOPHYTA.MAGNOLIOPSIDA.PRIMULALES.PRIMULACEAE.Androsace,3.0
PLANTAE.TRACHEOPHYTA.MAGNOLIOPSIDA.PRIMULALES.PRIMULACEAE.Hottonia,3.0
PLANTAE.TRACHEOPHYTA.MAGNOLIOPSIDA.PRIMULALES.PRIMULACEAE.Lysimachia,2.0
PLANTAE.TRACHEOPHYTA.MAGNOLIOPSIDA.PRIMULALES.PRIMULACEAE.Samolus,3.0
PLANTAE.TRACHEOPHYTA.MAGNOLIOPSIDA.PRIMULALES.PRIMULACEAE.Soldanella,1.0
PLANTAE.TRACHEOPHYTA.MAGNOLIOPSIDA.PROTEALES,3.0
PLANTAE.TRACHEOPHYTA.MAGNOLIOPSIDA.PROTEALES.ELAEAGNACEAE,3.0
PLANTAE.TRACHEOPHYTA.MAGNOLIOPSIDA.PROTEALES.ELAEAGNACEAE.Elaeagnus,3.0
PLANTAE.TRACHEOPHYTA.MAGNOLIOPSIDA.RANUNCULALES,2.431
PLANTAE.TRACHEOPHYTA.MAGNOLIOPSIDA.RANUNCULALES.BERBERIDACEAE,3.0
PLANTAE.TRACHEOPHYTA.MAGNOLIOPSIDA.RANUNCULALES.BERBERIDACEAE.Berberis,3.0
PLANTAE.TRACHEOPHYTA.MAGNOLIOPSIDA.RANUNCULALES.RANUNCULACEAE,2.42
PLANTAE.TRACHEOPHYTA.MAGNOLIOPSIDA.RANUNCULALES.RANUNCULACEAE.Aconitum,2.25
PLANTAE.TRACHEOPHYTA.MAGNOLIOPSIDA.RANUNCULALES.RANUNCULACEAE.Actaea,3.0
PLANTAE.TRACHEOPHYTA.MAGNOLIOPSIDA.RANUNCULALES.RANUNCULACEAE.Adonis,3.0
PLANTAE.TRACHEOPHYTA.MAGNOLIOPSIDA.RANUNCULALES.RANUNCULACEAE.Anemone,1.5
PLANTAE.TRACHEOPHYTA.MAGNOLIOPSIDA.RANUNCULALES.RANUNCULACEAE.Delphinium,1.0
PLANTAE.TRACHEOPHYTA.MAGNOLIOPSIDA.RANUNCULALES.RANUNCULACEAE.Ficaria,3.0
PLANTAE.TRACHEOPHYTA.MAGNOLIOPSIDA.RANUNCULALES.RANUNCULACEAE.Helleborus,3.0
PLANTAE.TRACHEOPHYTA.MAGNOLIOPSIDA.RANUNCULALES.RANUNCULACEAE.Hepatica,3.0
PLANTAE.TRACHEOPHYTA.MAGNOLIOPSIDA.RANUNCULALES.RANUNCULACEAE.Pulsatilla,2.25
PLANTAE.TRACHEOPHYTA.MAGNOLIOPSIDA.RANUNCULALES.RANUNCULACEAE.Aquilegia,2.0
PLANTAE.TRACHEOPHYTA.MAGNOLIOPSIDA.RANUNCULALES.RANUNCULACEAE.Callianthemum,-1.0
PLANTAE.TRACHEOPHYTA.MAGNOLIOPSIDA.RANUNCULALES.RANUNCULACEAE.Caltha,3.0
PLANTAE.TRACHEOPHYTA.MAGNOLIOPSIDA.RANUNCULALES.RANUNCULACEAE.Consolida,-1.0
PLANTAE.TRACHEOPHYTA.MAGNOLIOPSIDA.RANUNCULALES.RANUNCULACEAE.Ranunculus,2.8
PLANTAE.TRACHEOPHYTA.MAGNOLIOPSIDA.RHAMNALES,3.0
PLANTAE.TRACHEOPHYTA.MAGNOLIOPSIDA.RHAMNALES.RHAMNACEAE,3.0
PLANTAE.TRACHEOPHYTA.MAGNOLIOPSIDA.RHAMNALES.RHAMNACEAE.Frangula,3.0
PLANTAE.TRACHEOPHYTA.MAGNOLIOPSIDA.RHAMNALES.VITACEAE,3.0
PLANTAE.TRACHEOPHYTA.MAGNOLIOPSIDA.RHAMNALES.VITACEAE.Vitis,3.0
PLANTAE.TRACHEOPHYTA.MAGNOLIOPSIDA.ROSALES,1.987
PLANTAE.TRACHEOPHYTA.MAGNOLIOPSIDA.ROSALES.CRASSULACEAE,1.3
PLANTAE.TRACHEOPHYTA.MAGNOLIOPSIDA.ROSALES.CRASSULACEAE.Rhodiola,3.0
PLANTAE.TRACHEOPHYTA.MAGNOLIOPSIDA.ROSALES.CRASSULACEAE.Sedum,2.0
PLANTAE.TRACHEOPHYTA.MAGNOLIOPSIDA.ROSALES.CRASSULACEAE.Sempervivum,3.0
PLANTAE.TRACHEOPHYTA.MAGNOLIOPSIDA.ROSALES.CRASSULACEAE.Aeonium,0.667
PLANTAE.TRACHEOPHYTA.MAGNOLIOPSIDA.ROSALES.CRASSULACEAE.Aichryson,-1.0
PLANTAE.TRACHEOPHYTA.MAGNOLIOPSIDA.ROSALES.CRASSULACEAE.Monanthes,-1.0
PLANTAE.TRACHEOPHYTA.MAGNOLIOPSIDA.ROSALES.GROSSULARIACEAE,1.0
PLANTAE.TRACHEOPHYTA.MAGNOLIOPSIDA.ROSALES.GROSSULARIACEAE.Ribes,1.0
PLANTAE.TRACHEOPHYTA.MAGNOLIOPSIDA.ROSALES.PARNASSIACEAE,3.0
PLANTAE.TRACHEOPHYTA.MAGNOLIOPSIDA.ROSALES.PARNASSIACEAE.Parnassia,3.0
PLANTAE.TRACHEOPHYTA.MAGNOLIOPSIDA.ROSALES.ROSACEAE,2.255
PLANTAE.TRACHEOPHYTA.MAGNOLIOPSIDA.ROSALES.ROSACEAE.Agrimonia,3.0
PLANTAE.TRACHEOPHYTA.MAGNOLIOPSIDA.ROSALES.ROSACEAE.Alchemilla,3.0
PLANTAE.TRACHEOPHYTA.MAGNOLIOPSIDA.ROSALES.ROSACEAE.Aphanes,3.0
PLANTAE.TRACHEOPHYTA.MAGNOLIOPSIDA.ROSALES.ROSACEAE.Crataegus,2.25
PLANTAE.TRACHEOPHYTA.MAGNOLIOPSIDA.ROSALES.ROSACEAE.Filipendula,3.0
PLANTAE.TRACHEOPHYTA.MAGNOLIOPSIDA.ROSALES.ROSACEAE.Fragaria,3.0
PLANTAE.TRACHEOPHYTA.MAGNOLIOPSIDA.ROSALES.ROSACEAE.Geum,3.0
PLANTAE.TRACHEOPHYTA.MAGNOLIOPSIDA.ROSALES.ROSACEAE.Potentilla,2.0
PLANTAE.TRACHEOPHYTA.MAGNOLIOPSIDA.ROSALES.ROSACEAE.Prunus,2.222
PLANTAE.TRACHEOPHYTA.MAGNOLIOPSIDA.ROSALES.ROSACEAE.Rosa,3.0
PLANTAE.TRACHEOPHYTA.MAGNOLIOPSIDA.ROSALES.ROSACEAE.Rubus,3.0
PLANTAE.TRACHEOPHYTA.MAGNOLIOPSIDA.ROSALES.ROSACEAE.Sanguisorba,2.5
PLANTAE.TRACHEOPHYTA.MAGNOLIOPSIDA.ROSALES.ROSACEAE.Bencomia,-0.333
PLANTAE.TRACHEOPHYTA.MAGNOLIOPSIDA.ROSALES.ROSACEAE.Chamaemeles,1.0
PLANTAE.TRACHEOPHYTA.MAGNOLIOPSIDA.ROSALES.ROSACEAE.Dendriopoterium,1.0
PLANTAE.TRACHEOPHYTA.MAGNOLIOPSIDA.ROSALES.ROSACEAE.Malus,3.0
PLANTAE.TRACHEOPHYTA.MAGNOLIOPSIDA.ROSALES.ROSACEAE.Marcetella,0.0
PLANTAE.TRACHEOPHYTA.MAGNOLIOPSIDA.ROSALES.ROSACEAE.Pyrus,2.0
PLANTAE.TRACHEOPHYTA.MAGNOLIOPSIDA.ROSALES.ROSACEAE.Sorbus,-1.0
PLANTAE.TRACHEOPHYTA.MAGNOLIOPSIDA.ROSALES.SAXIFRAGACEAE,1.7
PLANTAE.TRACHEOPHYTA.MAGNOLIOPSIDA.ROSALES.SAXIFRAGACEAE.Chrysosplenium,3.0
PLANTAE.TRACHEOPHYTA.MAGNOLIOPSIDA.ROSALES.SAXIFRAGACEAE.Saxifraga,1.556
PLANTAE.TRACHEOPHYTA.MAGNOLIOPSIDA.ROSALES.PITTOSPORACEAE,-1.0
PLANTAE.TRACHEOPHYTA.MAGNOLIOPSIDA.ROSALES.PITTOSPORACEAE.Pittosporum,-1.0
PLANTAE.TRACHEOPHYTA.MAGNOLIOPSIDA.RUBIALES,1.857
PLANTAE.TRACHEOPHYTA.MAGNOLIOPSIDA.RUBIALES.RUBIACEAE,1.857
PLANTAE.TRACHEOPHYTA.MAGNOLIOPSIDA.RUBIALES.RUBIACEAE.Galium,1.857
PLANTAE.TRACHEOPHYTA.MAGNOLIOPSIDA.SALICALES,3.0
PLANTAE.TRACHEOPHYTA.MAGNOLIOPSIDA.SALICALES.SALICACEAE,3.0
PLANTAE.TRACHEOPHYTA.MAGNOLIOPSIDA.SALICALES.SALICACEAE.Populus,3.0
PLANTAE.TRACHEOPHYTA.MAGNOLIOPSIDA.SALICALES.SALICACEAE.Salix,3.0
PLANTAE.TRACHEOPHYTA.MAGNOLIOPSIDA.SANTALALES,1.0
PLANTAE.TRACHEOPHYTA.MAGNOLIOPSIDA.SANTALALES.VISCACEAE,3.0
PLANTAE.TRACHEOPHYTA.MAGNOLIOPSIDA.SANTALALES.VISCACEAE.Viscum,3.0
PLANTAE.TRACHEOPHYTA.MAGNOLIOPSIDA.SANTALALES.SANTALACEAE,0.333
PLANTAE.TRACHEOPHYTA.MAGNOLIOPSIDA.SANTALALES.SANTALACEAE.Kunkeliella,-1.0
PLANTAE.TRACHEOPHYTA.MAGNOLIOPSIDA.SANTALALES.SANTALACEAE.Thesium,3.0
PLANTAE.TRACHEOPHYTA.MAGNOLIOPSIDA.SAPINDALES,2.429
PLANTAE.TRACHEOPHYTA.MAGNOLIOPSIDA.SAPINDALES.ANACARDIACEAE,3.0
PLANTAE.TRACHEOPHYTA.MAGNOLIOPSIDA.SAPINDALES.ANACARDIACEAE.Cotinus,3.0
PLANTAE.TRACHEOPHYTA.MAGNOLIOPSIDA.SAPINDALES.ANACARDIACEAE.Pistacia,3.0
PLANTAE.TRACHEOPHYTA.MAGNOLIOPSIDA.SAPINDALES.HIPPOCASTANACEAE,2.0
PLANTAE.TRACHEOPHYTA.MAGNOLIOPSIDA.SAPINDALES.HIPPOCASTANACEAE.Aesculus,2.0
PLANTAE.TRACHEOPHYTA.MAGNOLIOPSIDA.SAPINDALES.RUTACEAE,2.0
PLANTAE.TRACHEOPHYTA.MAGNOLIOPSIDA.SAPINDALES.RUTACEAE.Dictamnus,3.0
PLANTAE.TRACHEOPHYTA.MAGNOLIOPSIDA.SAPINDALES.RUTACEAE.Ruta,1.5
PLANTAE.TRACHEOPHYTA.MAGNOLIOPSIDA.SAPINDALES.ZYGOPHYLLACEAE,3.0
PLANTAE.TRACHEOPHYTA.MAGNOLIOPSIDA.SAPINDALES.ZYGOPHYLLACEAE.Tribulus,3.0
PLANTAE.TRACHEOPHYTA.MAGNOLIOPSIDA.SCROPHULARIALES,1.889
PLANTAE.TRACHEOPHYTA.MAGNOLIOPSIDA.SCROPHULARIALES.GESNERIACEAE,2.75
PLANTAE.TRACHEOPHYTA.MAGNOLIOPSIDA.SCROPHULARIALES.GESNERIACEAE.Ramonda,3.0
PLANTAE.TRACHEOPHYTA.MAGNOLIOPSIDA.SCROPHULARIALES.GESNERIACEAE.Haberlea,3.0
PLANTAE.TRACHEOPHYTA.MAGNOLIOPSIDA.SCROPHULARIALES.GESNERIACEAE.Jankaea,2.0
PLANTAE.TRACHEOPHYTA.MAGNOLIOPSIDA.SCROPHULARIALES.GLOBULARIACEAE,1.4
PLANTAE.TRACHEOPHYTA.MAGNOLIOPSIDA.SCROPHULARIALES.GLOBULARIACEAE.Globularia,1.4
PLANTAE.TRACHEOPHYTA.MAGNOLIOPSIDA.SCROPHULARIALES.LENTIBULARIACEAE,2.222
PLANTAE.TRACHEOPHYTA.MAGNOLIOPSIDA.SCROPHULARIALES.LENTIBULARIACEAE.Pinguicula,1.8
PLANTAE.TRACHEOPHYTA.MAGNOLIOPSIDA.SCROPHULARIALES.LENTIBULARIACEAE.Utricularia,2.75
PLANTAE.TRACHEOPHYTA.MAGNOLIOPSIDA.SCROPHULARIALES.OLEACEAE,1.333
PLANTAE.TRACHEOPHYTA.MAGNOLIOPSIDA.SCROPHULARIALES.OLEACEAE.Fraxinus,2.5
PLANTAE.TRACHEOPHYTA.MAGNOLIOPSIDA.SCROPHULARIALES.OLEACEAE.Jasminum,-1.0
PLANTAE.TRACHEOPHYTA.MAGNOLIOPSIDA.SCROPHULARIALES.SCROPHULARIACEAE,1.833
PLANTAE.TRACHEOPHYTA.MAGNOLIOPSIDA.SCROPHULARIALES.SCROPHULARIACEAE.Digitalis,3.0
PLANTAE.TRACHEOPHYTA.MAGNOLIOPSIDA.SCROPHULARIALES.SCROPHULARIACEAE.Euphrasia,1.0
PLANTAE.TRACHEOPHYTA.MAGNOLIOPSIDA.SCROPHULARIALES.SCROPHULARIACEAE.Gratiola,3.0
PLANTAE.TRACHEOPHYTA.MAGNOLIOPSIDA.SCROPHULARIALES.SCROPHULARIACEAE.Scrophularia,3.0
PLANTAE.TRACHEOPHYTA.MAGNOLIOPSIDA.SCROPHULARIALES.SCROPHULARIACEAE.Verbascum,2.5
PLANTAE.TRACHEOPHYTA.MAGNOLIOPSIDA.SCROPHULARIALES.SCROPHULARIACEAE.Veronica,2.333
PLANTAE.TRACHEOPHYTA.MAGNOLIOPSIDA.SCROPHULARIALES.SCROPHULARIACEAE.Anarrhinum,2.0
PLANTAE.TRACHEOPHYTA.MAGNOLIOPSIDA.SCROPHULARIALES.SCROPHULARIACEAE.Antirrhinum,-0.5
PLANTAE.TRACHEOPHYTA.MAGNOLIOPSIDA.SCROPHULARIALES.SCROPHULARIACEAE.Chaenorhinum,0.0
PLANTAE.TRACHEOPHYTA.MAGNOLIOPSIDA.SCROPHULARIALES.SCROPHULARIACEAE.Isoplexis,-0.5
PLANTAE.TRACHEOPHYTA.MAGNOLIOPSIDA.SCROPHULARIALES.SCROPHULARIACEAE.Limosella,3.0
PLANTAE.TRACHEOPHYTA.MAGNOLIOPSIDA.SCROPHULARIALES.SCROPHULARIACEAE.Linaria,1.429
PLANTAE.TRACHEOPHYTA.MAGNOLIOPSIDA.SCROPHULARIALES.SCROPHULARIACEAE.Lindernia,3.0
PLANTAE.TRACHEOPHYTA.MAGNOLIOPSIDA.SCROPHULARIALES.SCROPHULARIACEAE.Odontites,-1.0
PLANTAE.TRACHEOPHYTA.MAGNOLIOPSIDA.SCROPHULARIALES.SCROPHULARIACEAE.Sibthorpia,3.0
PLANTAE.TRACHEOPHYTA.MAGNOLIOPSIDA.SOLANALES,1.412
PLANTAE.TRACHEOPHYTA.MAGNOLIOPSIDA.SOLANALES.MENYANTHACEAE,3.0
PLANTAE.TRACHEOPHYTA.MAGNOLIOPSIDA.SOLANALES.MENYANTHACEAE.Menyanthes,3.0
PLANTAE.TRACHEOPHYTA.MAGNOLIOPSIDA.SOLANALES.MENYANTHACEAE.Nymphoides,3.0
PLANTAE.TRACHEOPHYTA.MAGNOLIOPSIDA.SOLANALES.SOLANACEAE,1.143
PLANTAE.TRACHEOPHYTA.MAGNOLIOPSIDA.SOLANALES.SOLANACEAE.Atropa,0.0
PLANTAE.TRACHEOPHYTA.MAGNOLIOPSIDA.SOLANALES.SOLANACEAE.Physalis,3.0
PLANTAE.TRACHEOPHYTA.MAGNOLIOPSIDA.SOLANALES.SOLANACEAE.Scopolia,3.0
PLANTAE.TRACHEOPHYTA.MAGNOLIOPSIDA.SOLANALES.SOLANACEAE.Solanum,1.0
PLANTAE.TRACHEOPHYTA.MAGNOLIOPSIDA.SOLANALES.SOLANACEAE.Mandragora,0.0
PLANTAE.TRACHEOPHYTA.MAGNOLIOPSIDA.SOLANALES.CONVOLVULACEAE,0.667
PLANTAE.TRACHEOPHYTA.MAGNOLIOPSIDA.SOLANALES.CONVOLVULACEAE.Convolvulus,0.6
PLANTAE.TRACHEOPHYTA.MAGNOLIOPSIDA.SOLANALES.CONVOLVULACEAE.Ipomoea,1.0
PLANTAE.TRACHEOPHYTA.MAGNOLIOPSIDA.SOLANALES.POLEMONIACEAE,3.0
PLANTAE.TRACHEOPHYTA.MAGNOLIOPSIDA.SOLANALES.POLEMONIACEAE.Polemonium,3.0
PLANTAE.TRACHEOPHYTA.MAGNOLIOPSIDA.THEALES,2.727
PLANTAE.TRACHEOPHYTA.MAGNOLIOPSIDA.THEALES.GUTTIFERAE,3.0
PLANTAE.TRACHEOPHYTA.MAGNOLIOPSIDA.THEALES.GUTTIFERAE.Hypericum,3.0
PLANTAE.TRACHEOPHYTA.MAGNOLIOPSIDA.THEALES.ELATINACEAE,2.571
PLANTAE.TRACHEOPHYTA.MAGNOLIOPSIDA.THEALES.ELATINACEAE.Elatine,2.571
PLANTAE.TRACHEOPHYTA.MAGNOLIOPSIDA.URTICALES,2.4
PLANTAE.TRACHEOPHYTA.MAGNOLIOPSIDA.URTICALES.CANNABACEAE,3.0
PLANTAE.TRACHEOPHYTA.MAGNOLIOPSIDA.URTICALES.CANNABACEAE.Humulus,3.0
PLANTAE.TRACHEOPHYTA.MAGNOLIOPSIDA.URTICALES.URTICACEAE,3.0
PLANTAE.TRACHEOPHYTA.MAGNOLIOPSIDA.URTICALES.URTICACEAE.Urtica,3.0
PLANTAE.TRACHEOPHYTA.MAGNOLIOPSIDA.URTICALES.ULMACEAE,0.0
PLANTAE.TRACHEOPHYTA.MAGNOLIOPSIDA.URTICALES.ULMACEAE.Zelkova,0.0
PLANTAE.TRACHEOPHYTA.MAGNOLIOPSIDA.VIOLALES,0.867
PLANTAE.TRACHEOPHYTA.MAGNOLIOPSIDA.VIOLALES.VIOLACEAE,1.556
PLANTAE.TRACHEOPHYTA.MAGNOLIOPSIDA.VIOLALES.VIOLACEAE.Viola,1.556
PLANTAE.TRACHEOPHYTA.MAGNOLIOPSIDA.VIOLALES.CISTACEAE,-0.167
PLANTAE.TRACHEOPHYTA.MAGNOLIOPSIDA.VIOLALES.CISTACEAE.Cistus,0.0
PLANTAE.TRACHEOPHYTA.MAGNOLIOPSIDA.VIOLALES.CISTACEAE.Helianthemum,-0.25
PLANTAE.TRACHEOPHYTA.MAGNOLIOPSIDA.VIOLALES.CISTACEAE.Tuberaria,0.0
PLANTAE.TRACHEOPHYTA.MAGNOLIOPSIDA.CALLITRICHALES,2.25
PLANTAE.TRACHEOPHYTA.MAGNOLIOPSIDA.CALLITRICHALES.CALLITRICHACEAE,2.143
PLANTAE.TRACHEOPHYTA.MAGNOLIOPSIDA.CALLITRICHALES.CALLITRICHACEAE.Callitriche,2.143
PLANTAE.TRACHEOPHYTA.MAGNOLIOPSIDA.CALLITRICHALES.HIPPURIDACEAE,3.0
PLANTAE.TRACHEOPHYTA.MAGNOLIOPSIDA.CALLITRICHALES.HIPPURIDACEAE.Hippuris,3.0
PLANTAE.TRACHEOPHYTA.MAGNOLIOPSIDA.CAMPANULALES,1.714
PLANTAE.TRACHEOPHYTA.MAGNOLIOPSIDA.CAMPANULALES.CAMPANULACEAE,1.714
PLANTAE.TRACHEOPHYTA.MAGNOLIOPSIDA.CAMPANULALES.CAMPANULACEAE.Adenophora,3.0
PLANTAE.TRACHEOPHYTA.MAGNOLIOPSIDA.CAMPANULALES.CAMPANULACEAE.Asyneuma,1.0
PLANTAE.TRACHEOPHYTA.MAGNOLIOPSIDA.CAMPANULALES.CAMPANULACEAE.Azorina,0.0
PLANTAE.TRACHEOPHYTA.MAGNOLIOPSIDA.CAMPANULALES.CAMPANULACEAE.Campanula,1.6
PLANTAE.TRACHEOPHYTA.MAGNOLIOPSIDA.CAMPANULALES.CAMPANULACEAE.Favratia,3.0
PLANTAE.TRACHEOPHYTA.MAGNOLIOPSIDA.CAMPANULALES.CAMPANULACEAE.Jasione,0.0
PLANTAE.TRACHEOPHYTA.MAGNOLIOPSIDA.CAMPANULALES.CAMPANULACEAE.Lobelia,3.0
PLANTAE.TRACHEOPHYTA.MAGNOLIOPSIDA.CAMPANULALES.CAMPANULACEAE.Musschia,1.5
PLANTAE.TRACHEOPHYTA.MAGNOLIOPSIDA.CAMPANULALES.CAMPANULACEAE.Physoplexis,3.0
PLANTAE.TRACHEOPHYTA.MAGNOLIOPSIDA.HALORAGALES,3.0
PLANTAE.TRACHEOPHYTA.MAGNOLIOPSIDA.HALORAGALES.HALORAGACEAE,3.0
PLANTAE.TRACHEOPHYTA.MAGNOLIOPSIDA.HALORAGALES.HALORAGACEAE.Myriophyllum,3.0
PLANTAE.TRACHEOPHYTA.MAGNOLIOPSIDA.LINALES,1.0
PLANTAE.TRACHEOPHYTA.MAGNOLIOPSIDA.LINALES.LINACEAE,1.0
PLANTAE.TRACHEOPHYTA.MAGNOLIOPSIDA.LINALES.LINACEAE.Linum,1.0
PLANTAE.TRACHEOPHYTA.MAGNOLIOPSIDA.MYRICALES,-1.0
PLANTAE.TRACHEOPHYTA.MAGNOLIOPSIDA.MYRICALES.MYRICACEAE,-1.0
PLANTAE.TRACHEOPHYTA.MAGNOLIOPSIDA.MYRICALES.MYRICACEAE.Myrica,-1.0
PLANTAE.TRACHEOPHYTA.MAGNOLIOPSIDA.PLUMBAGINALES,0.316
PLANTAE.TRACHEOPHYTA.MAGNOLIOPSIDA.PLUMBAGINALES.PLUMBAGINACEAE,0.316
PLANTAE.TRACHEOPHYTA.MAGNOLIOPSIDA.PLUMBAGINALES.PLUMBAGINACEAE.Armeria,0.167
PLANTAE.TRACHEOPHYTA.MAGNOLIOPSIDA.PLUMBAGINALES.PLUMBAGINACEAE.Limonium,0.385
PLANTAE.TRACHEOPHYTA.PINOPSIDA,2.7
PLANTAE.TRACHEOPHYTA.PINOPSIDA.PINALES,2.7
PLANTAE.TRACHEOPHYTA.PINOPSIDA.PINALES.CUPRESSACEAE,1.857
PLANTAE.TRACHEOPHYTA.PINOPSIDA.PINALES.CUPRESSACEAE.Juniperus,2.6
PLANTAE.TRACHEOPHYTA.PINOPSIDA.PINALES.CUPRESSACEAE.Tetraclinis,0.0
PLANTAE.TRACHEOPHYTA.PINOPSIDA.PINALES.PINACEAE,2.333
PLANTAE.TRACHEOPHYTA.PINOPSIDA.PINALES.PINACEAE.Abies,1.0
PLANTAE.TRACHEOPHYTA.PINOPSIDA.PINALES.PINACEAE.Larix,3.0
PLANTAE.TRACHEOPHYTA.PINOPSIDA.PINALES.PINACEAE.Pinus,3.0
PLANTAE.TRACHEOPHYTA.CONIFEROPSIDA,0.0
PLANTAE.TRACHEOPHYTA.CONIFEROPSIDA.CONIFERALES,0.0
PLANTAE.TRACHEOPHYTA.CONIFEROPSIDA.CONIFERALES.CUPRESSACEAE,1.857
PLANTAE.TRACHEOPHYTA.CONIFEROPSIDA.CONIFERALES.CUPRESSACEAE.Juniperus,2.6
PLANTAE.TRACHEOPHYTA.CONIFEROPSIDA.CONIFERALES.CUPRESSACEAE.Tetraclinis,0.0
PLANTAE.TRACHEOPHYTA.CONIFEROPSIDA.CONIFERALES.PINACEAE,2.333
PLANTAE.TRACHEOPHYTA.CONIFEROPSIDA.CONIFERALES.PINACEAE.Abies,1.0
PLANTAE.TRACHEOPHYTA.CONIFEROPSIDA.CONIFERALES.PINACEAE.Larix,3.0
PLANTAE.TRACHEOPHYTA.CONIFEROPSIDA.CONIFERALES.PINACEAE.Pinus,3.0
PLANTAE.EQUISETOPHYTA,3.0
PLANTAE.EQUISETOPHYTA.EQUISETOPSIDA,3.0
PLANTAE.EQUISETOPHYTA.EQUISETOPSIDA.EQUISETALES,3.0
PLANTAE.EQUISETOPHYTA.EQUISETOPSIDA.EQUISETALES.EQUISETACEAE,3.0
PLANTAE.EQUISETOPHYTA.EQUISETOPSIDA.EQUISETALES.EQUISETACEAE.Equisetum,3.0
PLANTAE.LYCOPODIOPHYTA,1.3
PLANTAE.LYCOPODIOPHYTA.ISOETOPSIDA,1.222
PLANTAE.LYCOPODIOPHYTA.ISOETOPSIDA.ISOETALES,1.222
PLANTAE.LYCOPODIOPHYTA.ISOETOPSIDA.ISOETALES.ISOËTACEAE,1.278
PLANTAE.LYCOPODIOPHYTA.ISOETOPSIDA.ISOETALES.ISOËTACEAE.Isoëtes,1.278
PLANTAE.LYCOPODIOPHYTA.ISOETOPSIDA.ISOETALES.ISOETACEAE,1.111
PLANTAE.LYCOPODIOPHYTA.ISOETOPSIDA.ISOETALES.ISOETACEAE.Isoetes,1.111
PLANTAE.LYCOPODIOPHYTA.LYCOPODIOPSIDA,2.667
PLANTAE.LYCOPODIOPHYTA.LYCOPODIOPSIDA.LYCOPODIALES,2.588
PLANTAE.LYCOPODIOPHYTA.LYCOPODIOPSIDA.LYCOPODIALES.LYCOPODIACEAE,2.588
PLANTAE.LYCOPODIOPHYTA.LYCOPODIOPSIDA.LYCOPODIALES.LYCOPODIACEAE.Huperzia,2.75
PLANTAE.LYCOPODIOPHYTA.LYCOPODIOPSIDA.LYCOPODIALES.LYCOPODIACEAE.Lycopodiella,3.0
PLANTAE.LYCOPODIOPHYTA.LYCOPODIOPSIDA.LYCOPODIALES.LYCOPODIACEAE.Lycopodium,2.455
PLANTAE.LYCOPODIOPHYTA.LYCOPODIOPSIDA.SELAGINELLALES,3.0
PLANTAE.LYCOPODIOPHYTA.LYCOPODIOPSIDA.SELAGINELLALES.SELAGINELLACEAE,3.0
PLANTAE.LYCOPODIOPHYTA.LYCOPODIOPSIDA.SELAGINELLALES.SELAGINELLACEAE.Selaginella,3.0
PLANTAE.POLYPODIOPHYTA,1.842
PLANTAE.POLYPODIOPHYTA.OPHIOGLOSSOPSIDA,2.0
PLANTAE.POLYPODIOPHYTA.OPHIOGLOSSOPSIDA.OPHIOGLOSSALES,2.231
PLANTAE.POLYPODIOPHYTA.OPHIOGLOSSOPSIDA.OPHIOGLOSSALES.OPHIOGLOSSACEAE,2.231
PLANTAE.POLYPODIOPHYTA.OPHIOGLOSSOPSIDA.OPHIOGLOSSALES.OPHIOGLOSSACEAE.Botrychium,2.0
PLANTAE.POLYPODIOPHYTA.OPHIOGLOSSOPSIDA.OPHIOGLOSSALES.OPHIOGLOSSACEAE.Ophioglossum,3.0
PLANTAE.POLYPODIOPHYTA.POLYPODIOPSIDA,2.353
PLANTAE.POLYPODIOPHYTA.POLYPODIOPSIDA.CYATHEALES,2.0
PLANTAE.POLYPODIOPHYTA.POLYPODIOPSIDA.CYATHEALES.CYATHEACEAE,2.0
PLANTAE.POLYPODIOPHYTA.POLYPODIOPSIDA.CYATHEALES.CYATHEACEAE.Culcita,2.0
PLANTAE.POLYPODIOPHYTA.POLYPODIOPSIDA.HYMENOPHYLLALES,2.2
PLANTAE.POLYPODIOPHYTA.POLYPODIOPSIDA.HYMENOPHYLLALES.HYMENOPHYLLACEAE,2.2
PLANTAE.POLYPODIOPHYTA.POLYPODIOPSIDA.HYMENOPHYLLALES.HYMENOPHYLLACEAE.Hymenophyllum,1.667
PLANTAE.POLYPODIOPHYTA.POLYPODIOPSIDA.HYMENOPHYLLALES.HYMENOPHYLLACEAE.Trichomanes,3.0
PLANTAE.POLYPODIOPHYTA.POLYPODIOPSIDA.OSMUNDALES,3.0
PLANTAE.POLYPODIOPHYTA.POLYPODIOPSIDA.OSMUNDALES.OSMUNDACEAE,3.0
PLANTAE.POLYPODIOPHYTA.POLYPODIOPSIDA.OSMUNDALES.OSMUNDACEAE.Osmunda,3.0
PLANTAE.POLYPODIOPHYTA.POLYPODIOPSIDA.POLYPODIALES,2.496
PLANTAE.POLYPODIOPHYTA.POLYPODIOPSIDA.POLYPODIALES.ASPLENIACEAE,2.426
PLANTAE.POLYPODIOPHYTA.POLYPODIOPSIDA.POLYPODIALES.ASPLENIACEAE.Asplenium,2.231
PLANTAE.POLYPODIOPHYTA.POLYPODIOPSIDA.POLYPODIALES.ASPLENIACEAE.Athyrium,3.0
PLANTAE.POLYPODIOPHYTA.POLYPODIOPSIDA.POLYPODIALES.ASPLENIACEAE.Blechnum,3.0
PLANTAE.POLYPODIOPHYTA.POLYPODIOPSIDA.POLYPODIALES.ASPLENIACEAE.Cystopteris,2.667
PLANTAE.POLYPODIOPHYTA.POLYPODIOPSIDA.POLYPODIALES.ASPLENIACEAE.Diplazium,2.667
PLANTAE.POLYPODIOPHYTA.POLYPODIOPSIDA.POLYPODIALES.ASPLENIACEAE.Gymnocarpium,3.0
PLANTAE.POLYPODIOPHYTA.POLYPODIOPSIDA.POLYPODIALES.ASPLENIACEAE.Onoclea,3.0
PLANTAE.POLYPODIOPHYTA.POLYPODIOPSIDA.POLYPODIALES.ASPLENIACEAE.Phegopteris,3.0
PLANTAE.POLYPODIOPHYTA.POLYPODIOPSIDA.POLYPODIALES.ASPLENIACEAE.Thelypteris,3.0
PLANTAE.POLYPODIOPHYTA.POLYPODIOPSIDA.POLYPODIALES.ASPLENIACEAE.Woodsia,2.75
PLANTAE.POLYPODIOPHYTA.POLYPODIOPSIDA.POLYPODIALES.ASPLENIACEAE.Woodwardia,1.5
PLANTAE.POLYPODIOPHYTA.POLYPODIOPSIDA.POLYPODIALES.DENNSTAEDTIACEAE,3.0
PLANTAE.POLYPODIOPHYTA.POLYPODIOPSIDA.POLYPODIALES.DENNSTAEDTIACEAE.Pteridium,3.0
PLANTAE.POLYPODIOPHYTA.POLYPODIOPSIDA.POLYPODIALES.POLYPODIACEAE,2.462
PLANTAE.POLYPODIOPHYTA.POLYPODIOPSIDA.POLYPODIALES.POLYPODIACEAE.Arachniodes,1.0
PLANTAE.POLYPODIOPHYTA.POLYPODIOPSIDA.POLYPODIALES.POLYPODIACEAE.Davallia,3.0
PLANTAE.POLYPODIOPHYTA.POLYPODIOPSIDA.POLYPODIALES.POLYPODIACEAE.Dryopteris,2.846
PLANTAE.POLYPODIOPHYTA.POLYPODIOPSIDA.POLYPODIALES.POLYPODIACEAE.Elaphoglossum,0.0
PLANTAE.POLYPODIOPHYTA.POLYPODIOPSIDA.POLYPODIALES.POLYPODIACEAE.Grammitis,-1.0
PLANTAE.POLYPODIOPHYTA.POLYPODIOPSIDA.POLYPODIALES.POLYPODIACEAE.Polypodium,3.0
PLANTAE.POLYPODIOPHYTA.POLYPODIOPSIDA.POLYPODIALES.POLYPODIACEAE.Polystichum,1.714
PLANTAE.POLYPODIOPHYTA.POLYPODIOPSIDA.POLYPODIALES.PTERIDACEAE,2.737
PLANTAE.POLYPODIOPHYTA.POLYPODIOPSIDA.POLYPODIALES.PTERIDACEAE.Adiantum,3.0
PLANTAE.POLYPODIOPHYTA.POLYPODIOPSIDA.POLYPODIALES.PTERIDACEAE.Allosorus,3.0
PLANTAE.POLYPODIOPHYTA.POLYPODIOPSIDA.POLYPODIALES.PTERIDACEAE.Anogramma,3.0
PLANTAE.POLYPODIOPHYTA.POLYPODIOPSIDA.POLYPODIALES.PTERIDACEAE.Cosentinia,3.0
PLANTAE.POLYPODIOPHYTA.POLYPODIOPSIDA.POLYPODIALES.PTERIDACEAE.Cryptogramma,3.0
PLANTAE.POLYPODIOPHYTA.POLYPODIOPSIDA.POLYPODIALES.PTERIDACEAE.Paragymnopteris,2.0
PLANTAE.POLYPODIOPHYTA.POLYPODIOPSIDA.POLYPODIALES.PTERIDACEAE.Pellaea,0.0
PLANTAE.POLYPODIOPHYTA.POLYPODIOPSIDA.POLYPODIALES.PTERIDACEAE.Pteris,2.667
PLANTAE.POLYPODIOPHYTA.POLYPODIOPSIDA.POLYPODIALES.ONOCLEACEAE,3.0
PLANTAE.POLYPODIOPHYTA.POLYPODIOPSIDA.POLYPODIALES.ONOCLEACEAE.Onoclea,3.0
PLANTAE.POLYPODIOPHYTA.POLYPODIOPSIDA.SALVINIALES,1.5
PLANTAE.POLYPODIOPHYTA.POLYPODIOPSIDA.SALVINIALES.MARSILEACEAE,1.083
PLANTAE.POLYPODIOPHYTA.POLYPODIOPSIDA.SALVINIALES.MARSILEACEAE.Marsilea,1.0
PLANTAE.POLYPODIOPHYTA.POLYPODIOPSIDA.SALVINIALES.MARSILEACEAE.Pilularia,1.25
PLANTAE.POLYPODIOPHYTA.POLYPODIOPSIDA.SALVINIALES.SALVINIACEAE,2.5
PLANTAE.POLYPODIOPHYTA.POLYPODIOPSIDA.SALVINIALES.SALVINIACEAE.Salvinia,2.5
PLANTAE.POLYPODIOPHYTA.POLYPODIOPSIDA.BLECHNALES,2.125
PLANTAE.POLYPODIOPHYTA.POLYPODIOPSIDA.BLECHNALES.ASPLENIACEAE,2.426
PLANTAE.POLYPODIOPHYTA.POLYPODIOPSIDA.BLECHNALES.ASPLENIACEAE.Asplenium,2.231
PLANTAE.POLYPODIOPHYTA.POLYPODIOPSIDA.BLECHNALES.ASPLENIACEAE.Athyrium,3.0
PLANTAE.POLYPODIOPHYTA.POLYPODIOPSIDA.BLECHNALES.ASPLENIACEAE.Blechnum,3.0
PLANTAE.POLYPODIOPHYTA.POLYPODIOPSIDA.BLECHNALES.ASPLENIACEAE.Cystopteris,2.667
PLANTAE.POLYPODIOPHYTA.POLYPODIOPSIDA.BLECHNALES.ASPLENIACEAE.Diplazium,2.667
PLANTAE.POLYPODIOPHYTA.POLYPODIOPSIDA.BLECHNALES.ASPLENIACEAE.Gymnocarpium,3.0
PLANTAE.POLYPODIOPHYTA.POLYPODIOPSIDA.BLECHNALES.ASPLENIACEAE.Onoclea,3.0
PLANTAE.POLYPODIOPHYTA.POLYPODIOPSIDA.BLECHNALES.ASPLENIACEAE.Phegopteris,3.0
PLANTAE.POLYPODIOPHYTA.POLYPODIOPSIDA.BLECHNALES.ASPLENIACEAE.Thelypteris,3.0
PLANTAE.POLYPODIOPHYTA.POLYPODIOPSIDA.BLECHNALES.ASPLENIACEAE.Woodsia,2.75
PLANTAE.POLYPODIOPHYTA.POLYPODIOPSIDA.BLECHNALES.ASPLENIACEAE.Woodwardia,1.5
PLANTAE.POLYPODIOPHYTA.POLYPODIOPSIDA.BLECHNALES.BLECHNACEAE,2.0
PLANTAE.POLYPODIOPHYTA.POLYPODIOPSIDA.BLECHNALES.BLECHNACEAE.Woodwardia,1.5
PLANTAE.POLYPODIOPHYTA.POLYPODIOPSIDA.BLECHNALES.DRYOPTERIDACEAE,1.333
PLANTAE.POLYPODIOPHYTA.POLYPODIOPSIDA.BLECHNALES.DRYOPTERIDACEAE.Dryopteris,2.846
PLANTAE.POLYPODIOPHYTA.POLYPODIOPSIDA.BLECHNALES.DRYOPTERIDACEAE.Polystichum,1.714
PLANTAE.POLYPODIOPHYTA.POLYPODIOPSIDA.BLECHNALES.WOODSIACEAE,3.0
PLANTAE.POLYPODIOPHYTA.POLYPODIOPSIDA.BLECHNALES.WOODSIACEAE.Diplazium,2.667
PLANTAE.POLYPODIOPHYTA.POLYPODIOPSIDA.DICKSONIALES,2.0
PLANTAE.POLYPODIOPHYTA.POLYPODIOPSIDA.DICKSONIALES.DICKSONIACEAE,2.0
PLANTAE.POLYPODIOPHYTA.POLYPODIOPSIDA.DICKSONIALES.DICKSONIACEAE.Culcita,2.0
PLANTAE.POLYPODIOPHYTA.POLYPODIOPSIDA.MARSILEALES,1.0
PLANTAE.POLYPODIOPHYTA.POLYPODIOPSIDA.MARSILEALES.MARSILEACEAE,1.083
PLANTAE.POLYPODIOPHYTA.POLYPODIOPSIDA.MARSILEALES.MARSILEACEAE.Marsilea,1.0
PLANTAE.POLYPODIOPHYTA.POLYPODIOPSIDA.MARSILEALES.MARSILEACEAE.Pilularia,1.25
